"","ID","ID.CapDate","X","Y","Capture.date","Grid","year","Sex","Age","EappInt","HpolINF","PropOnGrid_10","NoNemInf_10","NoNemUninf_10","NemPrev_10","NoNemTotal_10","NoEimInf_10","NoEimUninf_10","EimPrev_10","NoEimTotal_10","PropOnGrid_14.1","NoNemInf_14.1","NoNemUninf_14.1","NemPrev_14.1","NoNemTotal_14.1","NoEimInf_14.1","NoEimUninf_14.1","EimPrev_14.1","NoEimTotal_14.1","PropOnGrid_20","NoNemInf_20","NoNemUninf_20","NemPrev_20","NoNemTotal_20","NoEimInf_20","NoEimUninf_20","EimPrev_20","NoEimTotal_20","PropOnGrid_22.4","NoNemInf_22.4","NoNemUninf_22.4","NemPrev_22.4","NoNemTotal_22.4","NoEimInf_22.4","NoEimUninf_22.4","EimPrev_22.4","NoEimTotal_22.4","PropOnGrid_28.3","NoNemInf_28.3","NoNemUninf_28.3","NemPrev_28.3","NoNemTotal_28.3","NoEimInf_28.3","NoEimUninf_28.3","EimPrev_28.3","NoEimTotal_28.3","PropOnGrid_30","NoNemInf_30","NoNemUninf_30","NemPrev_30","NoNemTotal_30","NoEimInf_30","NoEimUninf_30","EimPrev_30","NoEimTotal_30","PropOnGrid_31.6","NoNemInf_31.6","NoNemUninf_31.6","NemPrev_31.6","NoNemTotal_31.6","NoEimInf_31.6","NoEimUninf_31.6","EimPrev_31.6","NoEimTotal_31.6","PropOnGrid_36.1","NoNemInf_36.1","NoNemUninf_36.1","NemPrev_36.1","NoNemTotal_36.1","NoEimInf_36.1","NoEimUninf_36.1","EimPrev_36.1","NoEimTotal_36.1","PropOnGrid_40","NoNemInf_40","NoNemUninf_40","NemPrev_40","NoNemTotal_40","NoEimInf_40","NoEimUninf_40","EimPrev_40","NoEimTotal_40","PropOnGrid_50","NoNemInf_50","NoNemUninf_50","NemPrev_50","NoNemTotal_50","NoEimInf_50","NoEimUninf_50","EimPrev_50","NoEimTotal_50"
"80",79618812,"79618812-2012-08-14",50,40,"2012-08-14","HA1",2012,"M","Adult",13782.8571428571,0,0,0,1,0,1,0,1,0,1,0,0,4,0,4,1,3,0.25,4,0,0,4,0,4,1,3,0.25,4,0,1,4,0.2,5,1,4,0.2,5,0,1,4,0.2,5,1,4,0.2,5,0,1,4,0.2,5,1,4,0.2,5,0,1,6,0.142857142857143,7,2,5,0.285714285714286,7,0,2,9,0.181818181818182,11,2,9,0.181818181818182,11,0,2,9,0.181818181818182,11,2,9,0.181818181818182,11,0,2,18,0.1,20,4,16,0.2,20
"101",67123054,"67123054-2012-08-02",70,90,"2012-08-02","HA1",2012,"M","Adult",60.8695652173913,0,0,3,2,0.6,5,1,4,0.2,5,0,4,4,0.5,8,2,6,0.25,8,0,4,5,0.444444444444444,9,2,7,0.222222222222222,9,0,4,5,0.444444444444444,9,2,7,0.222222222222222,9,0,4,6,0.4,10,3,7,0.3,10,0,4,6,0.4,10,3,7,0.3,10,0,4,7,0.363636363636364,11,3,8,0.272727272727273,11,0,4,8,0.333333333333333,12,3,9,0.25,12,0,5,8,0.384615384615385,13,3,10,0.230769230769231,13,0,5,12,0.294117647058824,17,5,12,0.294117647058824,17
"104",67123054,"67123054-2012-08-16",80,90,"2012-08-16","HA1",2012,"M","Adult",5.55555555555556,0,0,2,4,0.333333333333333,6,3,3,0.5,6,0,2,8,0.2,10,4,6,0.4,10,0,3,9,0.25,12,5,7,0.416666666666667,12,0,3,14,0.176470588235294,17,7,10,0.411764705882353,17,0,3,14,0.176470588235294,17,7,10,0.411764705882353,17,0,3,14,0.176470588235294,17,7,10,0.411764705882353,17,0,4,14,0.222222222222222,18,7,11,0.388888888888889,18,0,4,14,0.222222222222222,18,7,11,0.388888888888889,18,0,4,16,0.2,20,9,11,0.45,20,0,5,17,0.227272727272727,22,10,12,0.454545454545455,22
"112",79786360,"79786360-2012-08-28",30,10,"2012-08-28","HA1",2012,"F","NotAdult",300,0,0,0,1,0,1,0,1,0,1,0,0,2,0,2,0,2,0,2,0,0,4,0,4,0,4,0,4,0,0,6,0,6,1,5,0.166666666666667,6,0,0,7,0,7,1,6,0.142857142857143,7,0,0,7,0,7,1,6,0.142857142857143,7,0,0,7,0,7,1,6,0.142857142857143,7,0,0,9,0,9,2,7,0.222222222222222,9,0,2,9,0.181818181818182,11,2,9,0.181818181818182,11,0,2,13,0.133333333333333,15,2,13,0.133333333333333,15
"121",66843623,"66843623-2012-08-15",100,80,"2012-08-15","HA1",2012,"M","NotAdult",4600,0,0,0,3,0,3,1,2,0.333333333333333,3,0,0,3,0,3,1,2,0.333333333333333,3,0,0,3,0,3,1,2,0.333333333333333,3,0,0,4,0,4,1,3,0.25,4,0,1,5,0.166666666666667,6,1,5,0.166666666666667,6,0,1,5,0.166666666666667,6,1,5,0.166666666666667,6,0,2,6,0.25,8,3,5,0.375,8,0,2,9,0.181818181818182,11,6,5,0.545454545454545,11,0,2,9,0.181818181818182,11,6,5,0.545454545454545,11,0,4,12,0.25,16,7,9,0.4375,16
"123",67287808,"67287808-2012-08-15",90,90,"2012-08-15","HA1",2012,"F","NotAdult",9.09090909090909,0,0,0,1,0,1,0,1,0,1,0,1,5,0.166666666666667,6,1,5,0.166666666666667,6,0,2,6,0.25,8,3,5,0.375,8,0,2,7,0.222222222222222,9,4,5,0.444444444444444,9,0,2,7,0.222222222222222,9,4,5,0.444444444444444,9,0,3,7,0.3,10,4,6,0.4,10,0,3,8,0.272727272727273,11,4,7,0.363636363636364,11,0,3,8,0.272727272727273,11,4,7,0.363636363636364,11,0,3,8,0.272727272727273,11,4,7,0.363636363636364,11,0,5,11,0.3125,16,7,9,0.4375,16
"128",79797834,"79797834-2012-08-28",60,80,"2012-08-28","HA1",2012,"F","NotAdult",540,0,0,0,0,NA,0,0,0,NA,0,0,0,0,NA,0,0,0,NA,0,0,0,1,0,1,1,0,1,1,0,1,4,0.2,5,2,3,0.4,5,0,1,6,0.142857142857143,7,2,5,0.285714285714286,7,0,1,7,0.125,8,2,6,0.25,8,0,1,8,0.111111111111111,9,3,6,0.333333333333333,9,0,1,11,0.0833333333333333,12,4,8,0.333333333333333,12,0,1,14,0.0666666666666667,15,6,9,0.4,15,0,3,19,0.136363636363636,22,8,14,0.363636363636364,22
"129",79618812,"79618812-2012-08-28",90,70,"2012-08-28","HA1",2012,"M","Adult",4400,0,0,0,1,0,1,0,1,0,1,0,0,5,0,5,2,3,0.4,5,0,0,6,0,6,3,3,0.5,6,0,0,10,0,10,6,4,0.6,10,0,0,10,0,10,6,4,0.6,10,0,0,11,0,11,6,5,0.545454545454545,11,0,0,12,0,12,6,6,0.5,12,0,0,13,0,13,6,7,0.461538461538462,13,0,0,14,0,14,6,8,0.428571428571429,14,0,2,17,0.105263157894737,19,8,11,0.421052631578947,19
"136",79774854,"79774854-2012-08-29",50,50,"2012-08-29","HA1",2012,"F","Adult",240,0,0,0,3,0,3,1,2,0.333333333333333,3,0,0,3,0,3,1,2,0.333333333333333,3,0,2,3,0.4,5,1,4,0.2,5,0,2,4,0.333333333333333,6,1,5,0.166666666666667,6,0,2,5,0.285714285714286,7,1,6,0.142857142857143,7,0,2,9,0.181818181818182,11,2,9,0.181818181818182,11,0,2,11,0.153846153846154,13,3,10,0.230769230769231,13,0,3,13,0.1875,16,3,13,0.1875,16,0,3,14,0.176470588235294,17,3,14,0.176470588235294,17,0,7,29,0.194444444444444,36,8,28,0.222222222222222,36
"138",66878865,"66878865-2012-08-29",100,80,"2012-08-29","HA1",2012,"M","Adult",4,0,0,0,6,0,6,3,3,0.5,6,0,0,8,0,8,5,3,0.625,8,0,0,8,0,8,5,3,0.625,8,0,0,10,0,10,6,4,0.6,10,0,0,12,0,12,6,6,0.5,12,0,0,12,0,12,6,6,0.5,12,0,0,12,0,12,6,6,0.5,12,0,0,15,0,15,7,8,0.466666666666667,15,0,0,16,0,16,8,8,0.5,16,0,0,18,0,18,9,9,0.5,18
"152",79623797,"79623797-2012-08-30",10,40,"2012-08-30","HA1",2012,"M","Adult",872.222222222222,0,0,0,3,0,3,0,3,0,3,0,0,4,0,4,0,4,0,4,0,1,4,0.2,5,0,5,0,5,0,3,7,0.3,10,0,10,0,10,0,3,8,0.272727272727273,11,0,11,0,11,0,5,10,0.333333333333333,15,2,13,0.133333333333333,15,0,5,16,0.238095238095238,21,4,17,0.19047619047619,21,0,5,17,0.227272727272727,22,5,17,0.227272727272727,22,0,5,23,0.178571428571429,28,7,21,0.25,28,0,6,28,0.176470588235294,34,9,25,0.264705882352941,34
"154",67007587,"67007587-2012-08-30",10,70,"2012-08-30","HA1",2012,"M","Adult",850,0,0,3,4,0.428571428571429,7,2,5,0.285714285714286,7,0,3,6,0.333333333333333,9,2,7,0.222222222222222,9,0,3,8,0.272727272727273,11,3,8,0.272727272727273,11,0,3,10,0.230769230769231,13,4,9,0.307692307692308,13,0,5,11,0.3125,16,4,12,0.25,16,0,5,12,0.294117647058824,17,4,13,0.235294117647059,17,0,5,13,0.277777777777778,18,4,14,0.222222222222222,18,0,5,16,0.238095238095238,21,6,15,0.285714285714286,21,0,5,17,0.227272727272727,22,6,16,0.272727272727273,22,0,7,26,0.212121212121212,33,8,25,0.242424242424242,33
"168",79796354,"79796354-2012-09-11",80,20,"2012-09-11","HA1",2012,"M","Adult",61.5384615384615,1,0,0,0,NA,0,0,0,NA,0,0,0,0,NA,0,0,0,NA,0,0,1,2,0.333333333333333,3,1,2,0.333333333333333,3,0,2,3,0.4,5,1,4,0.2,5,0,2,4,0.333333333333333,6,1,5,0.166666666666667,6,0,2,4,0.333333333333333,6,1,5,0.166666666666667,6,0,3,4,0.428571428571429,7,1,6,0.142857142857143,7,0,3,5,0.375,8,1,7,0.125,8,0,3,5,0.375,8,1,7,0.125,8,0,5,12,0.294117647058824,17,5,12,0.294117647058824,17
"173",79637279,"79637279-2012-09-12",0,100,"2012-09-12","HA1",2012,"M","Adult",12.1212121212121,0,0,0,7,0,7,3,4,0.428571428571429,7,0,0,7,0,7,3,4,0.428571428571429,7,0,0,11,0,11,3,8,0.272727272727273,11,0,0,13,0,13,4,9,0.307692307692308,13,0,0,14,0,14,4,10,0.285714285714286,14,0,0,16,0,16,5,11,0.3125,16,0,0,19,0,19,6,13,0.315789473684211,19,0,0,20,0,20,6,14,0.3,20,0,1,24,0.04,25,7,18,0.28,25,0,2,27,0.0689655172413793,29,8,21,0.275862068965517,29
"178",79795857,"79795857-2012-09-13",30,100,"2012-09-13","HA1",2012,"M","Adult",21.0526315789474,0,0,1,10,0.0909090909090909,11,2,9,0.181818181818182,11,0,1,11,0.0833333333333333,12,3,9,0.25,12,0,2,13,0.133333333333333,15,3,12,0.2,15,0,2,15,0.117647058823529,17,3,14,0.176470588235294,17,0,3,19,0.136363636363636,22,4,18,0.181818181818182,22,0,3,26,0.103448275862069,29,6,23,0.206896551724138,29,0,3,30,0.0909090909090909,33,9,24,0.272727272727273,33,0,3,35,0.0789473684210526,38,11,27,0.289473684210526,38,0,3,35,0.0789473684210526,38,11,27,0.289473684210526,38,0,4,44,0.0833333333333333,48,12,36,0.25,48
"189",67006795,"67006795-2012-09-25",20,40,"2012-09-25","HA1",2012,"M","Adult",9672.72727272727,0,0,0,9,0,9,0,9,0,9,0,0,11,0,11,1,10,0.0909090909090909,11,0,0,14,0,14,1,13,0.0714285714285714,14,0,0,15,0,15,1,14,0.0666666666666667,15,0,0,19,0,19,2,17,0.105263157894737,19,0,0,21,0,21,2,19,0.0952380952380952,21,0,1,23,0.0416666666666667,24,2,22,0.0833333333333333,24,0,2,25,0.0740740740740741,27,3,24,0.111111111111111,27,0,2,25,0.0740740740740741,27,3,24,0.111111111111111,27,0,3,30,0.0909090909090909,33,5,28,0.151515151515152,33
"194",66818332,"66818332-2012-09-11",10,80,"2012-09-11","HA1",2012,"F","Adult",69.3877551020408,0,0,0,4,0,4,1,3,0.25,4,0,0,7,0,7,3,4,0.428571428571429,7,0,0,9,0,9,3,6,0.333333333333333,9,0,0,14,0,14,3,11,0.214285714285714,14,0,0,15,0,15,4,11,0.266666666666667,15,0,0,15,0,15,4,11,0.266666666666667,15,0,0,17,0,17,5,12,0.294117647058824,17,0,2,19,0.0952380952380952,21,6,15,0.285714285714286,21,0,2,23,0.08,25,7,18,0.28,25,0,3,29,0.09375,32,10,22,0.3125,32
"196",79786360,"79786360-2012-09-11",30,30,"2012-09-11","HA1",2012,"F","Adult",14.2857142857143,0,0,0,3,0,3,0,3,0,3,0,0,5,0,5,0,5,0,5,0,1,6,0.142857142857143,7,1,6,0.142857142857143,7,0,1,14,0.0666666666666667,15,4,11,0.266666666666667,15,0,1,15,0.0625,16,5,11,0.3125,16,0,1,18,0.0526315789473684,19,5,14,0.263157894736842,19,0,3,19,0.136363636363636,22,5,17,0.227272727272727,22,0,3,21,0.125,24,5,19,0.208333333333333,24,0,3,21,0.125,24,5,19,0.208333333333333,24,0,4,25,0.137931034482759,29,7,22,0.241379310344828,29
"205",67089554,"67089554-2012-09-25",40,90,"2012-09-25","HA1",2012,"F","Adult",82.2222222222222,0,0,0,2,0,2,0,2,0,2,0,1,5,0.166666666666667,6,1,5,0.166666666666667,6,0,1,5,0.166666666666667,6,1,5,0.166666666666667,6,0,1,10,0.0909090909090909,11,3,8,0.272727272727273,11,0,1,11,0.0833333333333333,12,3,9,0.25,12,0,1,13,0.0714285714285714,14,4,10,0.285714285714286,14,0,1,15,0.0625,16,5,11,0.3125,16,0,1,18,0.0526315789473684,19,5,14,0.263157894736842,19,0,1,20,0.0476190476190476,21,6,15,0.285714285714286,21,0,2,31,0.0606060606060606,33,8,25,0.242424242424242,33
"206",79618812,"79618812-2012-09-25",40,60,"2012-09-25","HA1",2012,"M","Adult",4.65116279069767,0,0,0,2,0,2,1,1,0.5,2,0,0,2,0,2,1,1,0.5,2,0,0,4,0,4,1,3,0.25,4,0,1,12,0.0769230769230769,13,1,12,0.0769230769230769,13,0,1,14,0.0666666666666667,15,1,14,0.0666666666666667,15,0,1,14,0.0666666666666667,15,1,14,0.0666666666666667,15,0,2,19,0.0952380952380952,21,2,19,0.0952380952380952,21,0,2,23,0.08,25,3,22,0.12,25,0,3,25,0.107142857142857,28,3,25,0.107142857142857,28,0,4,38,0.0952380952380952,42,8,34,0.19047619047619,42
"227",79632292,"79632292-2012-09-13",100,10,"2012-09-13","HA1",2012,"M","Adult",354.545454545455,1,0,0,2,0,2,0,2,0,2,0,1,3,0.25,4,0,4,0,4,0,1,3,0.25,4,0,4,0,4,0,3,3,0.5,6,1,5,0.166666666666667,6,0,3,3,0.5,6,1,5,0.166666666666667,6,0,3,5,0.375,8,1,7,0.125,8,0,3,8,0.272727272727273,11,1,10,0.0909090909090909,11,0,4,8,0.333333333333333,12,2,10,0.166666666666667,12,0,4,8,0.333333333333333,12,2,10,0.166666666666667,12,0,4,9,0.307692307692308,13,2,11,0.153846153846154,13
"238",79786569,"79786569-2012-09-27",60,100,"2012-09-27","HA1",2012,"M","Adult",511.111111111112,0,0,0,4,0,4,2,2,0.5,4,0,0,5,0,5,3,2,0.6,5,0,0,9,0,9,3,6,0.333333333333333,9,0,1,11,0.0833333333333333,12,4,8,0.333333333333333,12,0,1,11,0.0833333333333333,12,4,8,0.333333333333333,12,0,1,16,0.0588235294117647,17,6,11,0.352941176470588,17,0,1,18,0.0526315789473684,19,6,13,0.315789473684211,19,0,1,18,0.0526315789473684,19,6,13,0.315789473684211,19,0,1,20,0.0476190476190476,21,6,15,0.285714285714286,21,0,2,33,0.0571428571428571,35,11,24,0.314285714285714,35
"240",66866543,"66866543-2012-09-27",50,0,"2012-09-27","HA1",2012,"F","NotAdult",2276.92307692308,0,0,0,1,0,1,1,0,1,1,0,0,2,0,2,1,1,0.5,2,0,2,5,0.285714285714286,7,1,6,0.142857142857143,7,0,3,6,0.333333333333333,9,1,8,0.111111111111111,9,0,3,7,0.3,10,1,9,0.1,10,0,4,7,0.363636363636364,11,1,10,0.0909090909090909,11,0,4,8,0.333333333333333,12,1,11,0.0833333333333333,12,0,5,12,0.294117647058824,17,3,14,0.176470588235294,17,0,5,13,0.277777777777778,18,3,15,0.166666666666667,18,0,7,24,0.225806451612903,31,4,27,0.129032258064516,31
"242",79638280,"79638280-2012-09-27",30,60,"2012-09-27","HA1",2012,"F","Adult",172.093023255814,0,0,0,4,0,4,2,2,0.5,4,0,0,8,0,8,2,6,0.25,8,0,0,11,0,11,2,9,0.181818181818182,11,0,0,17,0,17,3,14,0.176470588235294,17,0,1,20,0.0476190476190476,21,4,17,0.19047619047619,21,0,1,23,0.0416666666666667,24,5,19,0.208333333333333,24,0,1,29,0.0333333333333333,30,7,23,0.233333333333333,30,0,2,32,0.0588235294117647,34,7,27,0.205882352941176,34,0,2,38,0.05,40,10,30,0.25,40,0,7,58,0.107692307692308,65,16,49,0.246153846153846,65
"251",79784299,"79784299-2012-09-28",80,70,"2012-09-28","HA1",2012,"F","NotAdult",638.095238095238,0,0,2,3,0.4,5,1,4,0.2,5,0,2,7,0.222222222222222,9,2,7,0.222222222222222,9,0,2,11,0.153846153846154,13,2,11,0.153846153846154,13,0,2,18,0.1,20,5,15,0.25,20,0,2,22,0.0833333333333333,24,6,18,0.25,24,0,2,25,0.0740740740740741,27,6,21,0.222222222222222,27,0,4,26,0.133333333333333,30,7,23,0.233333333333333,30,0,5,33,0.131578947368421,38,10,28,0.263157894736842,38,0,5,33,0.131578947368421,38,10,28,0.263157894736842,38,0,10,45,0.181818181818182,55,14,41,0.254545454545455,55
"256",79617035,"79617035-2012-10-09",100,0,"2012-10-09","HA1",2012,"F","Adult",54857.1428571429,0,0,1,1,0.5,2,1,1,0.5,2,0,1,1,0.5,2,1,1,0.5,2,0,1,3,0.25,4,1,3,0.25,4,0,1,3,0.25,4,1,3,0.25,4,0,1,5,0.166666666666667,6,1,5,0.166666666666667,6,0,2,7,0.222222222222222,9,1,8,0.111111111111111,9,0,3,8,0.272727272727273,11,1,10,0.0909090909090909,11,0,3,9,0.25,12,1,11,0.0833333333333333,12,0,3,11,0.214285714285714,14,1,13,0.0714285714285714,14,0,5,16,0.238095238095238,21,3,18,0.142857142857143,21
"258",79775849,"79775849-2012-10-09",100,40,"2012-10-09","HA1",2012,"F","Adult",60.7142857142857,0,0,1,4,0.2,5,0,5,0,5,0,2,6,0.25,8,1,7,0.125,8,0,2,9,0.181818181818182,11,1,10,0.0909090909090909,11,0,2,11,0.153846153846154,13,1,12,0.0769230769230769,13,0,2,13,0.133333333333333,15,1,14,0.0666666666666667,15,0,4,15,0.210526315789474,19,3,16,0.157894736842105,19,0,5,16,0.238095238095238,21,3,18,0.142857142857143,21,0,5,19,0.208333333333333,24,5,19,0.208333333333333,24,0,6,21,0.222222222222222,27,5,22,0.185185185185185,27,0,7,33,0.175,40,7,33,0.175,40
"264",79790568,"79790568-2012-10-09",90,80,"2012-10-09","HA1",2012,"M","Adult",38.0952380952381,0,0,2,3,0.4,5,0,5,0,5,0,2,9,0.181818181818182,11,2,9,0.181818181818182,11,0,2,11,0.153846153846154,13,2,11,0.153846153846154,13,0,2,18,0.1,20,3,17,0.15,20,0,2,19,0.0952380952380952,21,4,17,0.19047619047619,21,0,2,21,0.0869565217391304,23,6,17,0.260869565217391,23,0,2,24,0.0769230769230769,26,6,20,0.230769230769231,26,0,2,27,0.0689655172413793,29,8,21,0.275862068965517,29,0,2,27,0.0689655172413793,29,8,21,0.275862068965517,29,0,6,34,0.15,40,10,30,0.25,40
"270",79630840,"79630840-2012-10-09",70,70,"2012-10-09","HA1",2012,"F","NotAdult",35200,0,0,0,5,0,5,2,3,0.4,5,0,0,8,0,8,4,4,0.5,8,0,1,12,0.0769230769230769,13,5,8,0.384615384615385,13,0,2,17,0.105263157894737,19,6,13,0.315789473684211,19,0,3,19,0.136363636363636,22,7,15,0.318181818181818,22,0,4,21,0.16,25,8,17,0.32,25,0,5,28,0.151515151515152,33,10,23,0.303030303030303,33,0,5,34,0.128205128205128,39,12,27,0.307692307692308,39,0,5,34,0.128205128205128,39,12,27,0.307692307692308,39,0,8,46,0.148148148148148,54,15,39,0.277777777777778,54
"273",79786569,"79786569-2012-10-09",60,70,"2012-10-09","HA1",2012,"M","Adult",61800,0,0,0,5,0,5,2,3,0.4,5,0,1,6,0.142857142857143,7,4,3,0.571428571428571,7,0,1,8,0.111111111111111,9,5,4,0.555555555555556,9,0,1,16,0.0588235294117647,17,7,10,0.411764705882353,17,0,1,19,0.05,20,8,12,0.4,20,0,3,20,0.130434782608696,23,9,14,0.391304347826087,23,0,4,25,0.137931034482759,29,11,18,0.379310344827586,29,0,5,30,0.142857142857143,35,12,23,0.342857142857143,35,0,5,32,0.135135135135135,37,12,25,0.324324324324324,37,0,8,49,0.140350877192982,57,16,41,0.280701754385965,57
"274",79781605,"79781605-2012-10-09",60,40,"2012-10-09","HA1",2012,"F","Adult",12600,0,0,2,0,1,2,1,1,0.5,2,0,2,2,0.5,4,1,3,0.25,4,0,3,5,0.375,8,2,6,0.25,8,0,6,8,0.428571428571429,14,4,10,0.285714285714286,14,0,6,11,0.352941176470588,17,5,12,0.294117647058824,17,0,6,14,0.3,20,5,15,0.25,20,0,7,19,0.269230769230769,26,6,20,0.230769230769231,26,0,7,24,0.225806451612903,31,8,23,0.258064516129032,31,0,7,28,0.2,35,10,25,0.285714285714286,35,0,10,45,0.181818181818182,55,12,43,0.218181818181818,55
"292",67006795,"67006795-2012-10-09",20,40,"2012-10-09","HA1",2012,"M","Adult",4844.44444444444,0,0,0,3,0,3,1,2,0.333333333333333,3,0,0,5,0,5,1,4,0.2,5,0,0,6,0,6,1,5,0.166666666666667,6,0,3,11,0.214285714285714,14,2,12,0.142857142857143,14,0,3,16,0.157894736842105,19,4,15,0.210526315789474,19,0,3,16,0.157894736842105,19,4,15,0.210526315789474,19,0,3,19,0.136363636363636,22,4,18,0.181818181818182,22,0,5,22,0.185185185185185,27,5,22,0.185185185185185,27,0,6,22,0.214285714285714,28,5,23,0.178571428571429,28,0,9,36,0.2,45,8,37,0.177777777777778,45
"295",79769626,"79769626-2012-10-09",40,80,"2012-10-09","HA1",2012,"F","Adult",16933.3333333333,0,0,0,2,0,2,1,1,0.5,2,0,0,2,0,2,1,1,0.5,2,0,0,5,0,5,3,2,0.6,5,0,1,13,0.0714285714285714,14,7,7,0.5,14,0,1,16,0.0588235294117647,17,9,8,0.529411764705882,17,0,1,18,0.0526315789473684,19,9,10,0.473684210526316,19,0,2,28,0.0666666666666667,30,10,20,0.333333333333333,30,0,2,31,0.0606060606060606,33,12,21,0.363636363636364,33,0,3,34,0.0810810810810811,37,12,25,0.324324324324324,37,0,7,45,0.134615384615385,52,15,37,0.288461538461538,52
"300",79639272,"79639272-2012-10-10",0,90,"2012-10-10","HA1",2012,"M","Adult",444.444444444444,0,0,2,6,0.25,8,0,8,0,8,0,2,9,0.181818181818182,11,1,10,0.0909090909090909,11,0,2,13,0.133333333333333,15,1,14,0.0666666666666667,15,0,2,15,0.117647058823529,17,1,16,0.0588235294117647,17,0,2,15,0.117647058823529,17,1,16,0.0588235294117647,17,0,2,16,0.111111111111111,18,1,17,0.0555555555555556,18,0,2,20,0.0909090909090909,22,3,19,0.136363636363636,22,0,2,21,0.0869565217391304,23,3,20,0.130434782608696,23,0,3,23,0.115384615384615,26,5,21,0.192307692307692,26,0,3,34,0.0810810810810811,37,9,28,0.243243243243243,37
"310",67075638,"67075638-2012-10-24",70,60,"2012-10-24","HA1",2012,"F","NotAdult",466.666666666667,0,0,0,4,0,4,3,1,0.75,4,0,1,7,0.125,8,5,3,0.625,8,0,1,12,0.0769230769230769,13,7,6,0.538461538461538,13,0,2,16,0.111111111111111,18,9,9,0.5,18,0,2,19,0.0952380952380952,21,10,11,0.476190476190476,21,0,3,25,0.107142857142857,28,11,17,0.392857142857143,28,0,3,29,0.09375,32,12,20,0.375,32,0,3,39,0.0714285714285714,42,14,28,0.333333333333333,42,0,3,45,0.0625,48,16,32,0.333333333333333,48,0,4,68,0.0555555555555556,72,20,52,0.277777777777778,72
"314",79770053,"79770053-2012-10-25",10,20,"2012-10-25","HA1",2012,"M","Adult",11.7647058823529,0,0,0,9,0,9,0,9,0,9,0,3,17,0.15,20,1,19,0.05,20,0,3,19,0.136363636363636,22,1,21,0.0454545454545455,22,0,5,26,0.161290322580645,31,2,29,0.0645161290322581,31,0,5,29,0.147058823529412,34,2,32,0.0588235294117647,34,0,5,31,0.138888888888889,36,3,33,0.0833333333333333,36,0,6,32,0.157894736842105,38,4,34,0.105263157894737,38,0,6,33,0.153846153846154,39,4,35,0.102564102564103,39,0,6,34,0.15,40,4,36,0.1,40,0,9,46,0.163636363636364,55,4,51,0.0727272727272727,55
"356",79792086,"79792086-2012-10-25",100,10,"2012-10-25","HA1",2012,"F","NotAdult",40,0,0,0,9,0,9,2,7,0.222222222222222,9,0,0,10,0,10,2,8,0.2,10,0,0,11,0,11,2,9,0.181818181818182,11,0,0,14,0,14,2,12,0.142857142857143,14,0,0,15,0,15,2,13,0.133333333333333,15,0,1,19,0.05,20,3,17,0.15,20,0,1,24,0.04,25,4,21,0.16,25,0,2,26,0.0714285714285714,28,4,24,0.142857142857143,28,0,3,26,0.103448275862069,29,5,24,0.172413793103448,29,0,4,37,0.0975609756097561,41,8,33,0.195121951219512,41
"372",79782524,"79782524-2012-11-07",80,70,"2012-11-07","HA1",2012,"F","Adult",5719.14893617021,0,0,0,2,0,2,0,2,0,2,0,0,5,0,5,1,4,0.2,5,0,0,8,0,8,1,7,0.125,8,0,0,11,0,11,1,10,0.0909090909090909,11,0,2,15,0.117647058823529,17,1,16,0.0588235294117647,17,0,2,18,0.1,20,1,19,0.05,20,0,2,25,0.0740740740740741,27,2,25,0.0740740740740741,27,0,2,25,0.0740740740740741,27,2,25,0.0740740740740741,27,0,2,27,0.0689655172413793,29,2,27,0.0689655172413793,29,0,3,40,0.0697674418604651,43,4,39,0.0930232558139535,43
"379",67265276,"67265276-2012-11-08",10,30,"2012-11-08","HA1",2012,"F","Adult",10,1,0,2,4,0.333333333333333,6,1,5,0.166666666666667,6,0,2,10,0.166666666666667,12,1,11,0.0833333333333333,12,0,2,13,0.133333333333333,15,1,14,0.0666666666666667,15,0,4,18,0.181818181818182,22,1,21,0.0454545454545455,22,0,5,19,0.208333333333333,24,1,23,0.0416666666666667,24,0,5,22,0.185185185185185,27,1,26,0.037037037037037,27,0,8,29,0.216216216216216,37,1,36,0.027027027027027,37,0,8,35,0.186046511627907,43,1,42,0.0232558139534884,43,0,10,39,0.204081632653061,49,1,48,0.0204081632653061,49,0,10,50,0.166666666666667,60,2,58,0.0333333333333333,60
"394",79776883,"79776883-2012-11-07",90,80,"2012-11-07","HA1",2012,"M","Adult",7.14285714285714,0,0,0,1,0,1,0,1,0,1,0,2,8,0.2,10,0,10,0,10,0,2,9,0.181818181818182,11,0,11,0,11,0,2,11,0.153846153846154,13,0,13,0,13,0,2,14,0.125,16,1,15,0.0625,16,0,2,14,0.125,16,1,15,0.0625,16,0,2,15,0.117647058823529,17,1,16,0.0588235294117647,17,0,2,17,0.105263157894737,19,1,18,0.0526315789473684,19,0,2,21,0.0869565217391304,23,2,21,0.0869565217391304,23,0,2,28,0.0666666666666667,30,3,27,0.1,30
"395",79630010,"79630010-2012-11-07",20,80,"2012-11-07","HA1",2012,"F","Adult",733.333333333333,0,0,0,6,0,6,0,6,0,6,0,4,11,0.266666666666667,15,1,14,0.0666666666666667,15,0,4,14,0.222222222222222,18,1,17,0.0555555555555556,18,0,5,20,0.2,25,1,24,0.04,25,0,6,23,0.206896551724138,29,3,26,0.103448275862069,29,0,6,26,0.1875,32,4,28,0.125,32,0,7,26,0.212121212121212,33,4,29,0.121212121212121,33,0,7,29,0.194444444444444,36,5,31,0.138888888888889,36,0,7,29,0.194444444444444,36,5,31,0.138888888888889,36,0,8,34,0.19047619047619,42,5,37,0.119047619047619,42
"432",79782524,"79782524-2012-11-21",100,100,"2012-11-21","HA1",2012,"F","Adult",3.2258064516129,1,0,0,1,0,1,0,1,0,1,0,0,1,0,1,0,1,0,1,0,0,4,0,4,0,4,0,4,0,1,7,0.125,8,1,7,0.125,8,0,2,7,0.222222222222222,9,2,7,0.222222222222222,9,0,2,8,0.2,10,2,8,0.2,10,0,2,9,0.181818181818182,11,2,9,0.181818181818182,11,0,2,11,0.153846153846154,13,3,10,0.230769230769231,13,0,2,12,0.142857142857143,14,3,11,0.214285714285714,14,0,2,16,0.111111111111111,18,4,14,0.222222222222222,18
"541",66815612,"66815612-2012-08-15",100,90,"2012-08-15","HA1",2012,"F","Adult",5082.35294117647,0,0,0,3,0,3,1,2,0.333333333333333,3,0,0,3,0,3,1,2,0.333333333333333,3,0,0,4,0,4,1,3,0.25,4,0,1,5,0.166666666666667,6,1,5,0.166666666666667,6,0,1,5,0.166666666666667,6,1,5,0.166666666666667,6,0,2,6,0.25,8,3,5,0.375,8,0,2,7,0.222222222222222,9,4,5,0.444444444444444,9,0,2,7,0.222222222222222,9,4,5,0.444444444444444,9,0,3,7,0.3,10,4,6,0.4,10,0,4,10,0.285714285714286,14,6,8,0.428571428571429,14
"627",66879360,"66879360-2012-09-25",30,100,"2012-09-25","HA1",2012,"F","NotAdult",88,0,0,0,6,0,6,1,5,0.166666666666667,6,0,0,6,0,6,1,5,0.166666666666667,6,0,0,6,0,6,1,5,0.166666666666667,6,0,0,6,0,6,1,5,0.166666666666667,6,0,1,8,0.111111111111111,9,2,7,0.222222222222222,9,0,1,15,0.0625,16,5,11,0.3125,16,0,1,17,0.0555555555555556,18,6,12,0.333333333333333,18,0,1,20,0.0476190476190476,21,6,15,0.285714285714286,21,0,1,20,0.0476190476190476,21,6,15,0.285714285714286,21,0,1,25,0.0384615384615385,26,8,18,0.307692307692308,26
"769",79613616,"79613616-2012-10-10",70,50,"2012-10-10","HA1",2012,"F","Adult",13200,0,0,1,2,0.333333333333333,3,2,1,0.666666666666667,3,0,2,5,0.285714285714286,7,4,3,0.571428571428571,7,0,2,10,0.166666666666667,12,6,6,0.5,12,0,3,16,0.157894736842105,19,9,10,0.473684210526316,19,0,5,17,0.227272727272727,22,9,13,0.409090909090909,22,0,5,21,0.192307692307692,26,10,16,0.384615384615385,26,0,6,33,0.153846153846154,39,13,26,0.333333333333333,39,0,9,39,0.1875,48,15,33,0.3125,48,0,9,44,0.169811320754717,53,16,37,0.30188679245283,53,0,12,66,0.153846153846154,78,24,54,0.307692307692308,78
"785",79618812,"79618812-2012-08-29",90,70,"2012-08-29","HA1",2012,"M","Adult",11845.1612903226,1,0,0,3,0,3,1,2,0.333333333333333,3,0,0,7,0,7,3,4,0.428571428571429,7,0,0,8,0,8,4,4,0.5,8,0,0,12,0,12,7,5,0.583333333333333,12,0,0,12,0,12,7,5,0.583333333333333,12,0,0,13,0,13,7,6,0.538461538461538,13,0,0,15,0,15,8,7,0.533333333333333,15,0,0,16,0,16,8,8,0.5,16,0,0,17,0,17,8,9,0.470588235294118,17,0,2,22,0.0833333333333333,24,10,14,0.416666666666667,24
"786",79618812,"79618812-2012-08-30",70,60,"2012-08-30","HA1",2012,"M","Adult",131.884057971014,1,0,0,2,0,2,0,2,0,2,0,0,3,0,3,1,2,0.333333333333333,3,0,0,4,0,4,2,2,0.5,4,0,1,7,0.125,8,6,2,0.75,8,0,1,13,0.0714285714285714,14,7,7,0.5,14,0,1,15,0.0625,16,7,9,0.4375,16,0,2,17,0.105263157894737,19,9,10,0.473684210526316,19,0,2,24,0.0769230769230769,26,13,13,0.5,26,0,2,25,0.0740740740740741,27,13,14,0.481481481481481,27,0,6,38,0.136363636363636,44,16,28,0.363636363636364,44
"831",79631102,"79631102-2012-12-20",20,10,"2012-12-20","HA1",2012,"F","Adult",62.135922330097,1,0,3,2,0.6,5,0,5,0,5,0,8,4,0.666666666666667,12,1,11,0.0833333333333333,12,0,11,6,0.647058823529412,17,1,16,0.0588235294117647,17,0,13,9,0.590909090909091,22,1,21,0.0454545454545455,22,0,14,9,0.608695652173913,23,1,22,0.0434782608695652,23,0,14,10,0.583333333333333,24,1,23,0.0416666666666667,24,0,17,11,0.607142857142857,28,1,27,0.0357142857142857,28,0,17,12,0.586206896551724,29,1,28,0.0344827586206897,29,0,20,12,0.625,32,2,30,0.0625,32,0,23,17,0.575,40,2,38,0.05,40
"836",79632292,"79632292-2012-10-09",40,10,"2012-10-09","HA1",2012,"M","Adult",1527.27272727273,1,0,0,0,NA,0,0,0,NA,0,0,1,5,0.166666666666667,6,1,5,0.166666666666667,6,0,2,6,0.25,8,1,7,0.125,8,0,3,7,0.3,10,1,9,0.1,10,0,3,8,0.272727272727273,11,1,10,0.0909090909090909,11,0,3,9,0.25,12,1,11,0.0833333333333333,12,0,4,12,0.25,16,1,15,0.0625,16,0,5,14,0.263157894736842,19,2,17,0.105263157894737,19,0,5,16,0.238095238095238,21,2,19,0.0952380952380952,21,0,6,30,0.166666666666667,36,5,31,0.138888888888889,36
"951",84587833,"84587833-2012-08-29",90,60,"2012-08-29","HA1",2012,"F","Adult",31.25,0,0,0,2,0,2,1,1,0.5,2,0,0,3,0,3,2,1,0.666666666666667,3,0,0,6,0,6,2,4,0.333333333333333,6,0,0,9,0,9,4,5,0.444444444444444,9,0,0,9,0,9,4,5,0.444444444444444,9,0,0,11,0,11,5,6,0.454545454545455,11,0,1,13,0.0714285714285714,14,7,7,0.5,14,0,1,14,0.0666666666666667,15,8,7,0.533333333333333,15,0,1,15,0.0625,16,8,8,0.5,16,0,1,25,0.0384615384615385,26,11,15,0.423076923076923,26
