X,Y,ID,year,Grid,Capture.date,Sex,Age,EappINF,EappInt,EhungINF,EhungInt,HpolINF,ID.CapDate,treated.Y.N
70,100,66883112,2012,HA1,06/06/2012,F,Adult,0,NA,0,NA,0,66883112-2012-06-06,0
60,60,67001638,2012,HA1,07/06/2012,F,NotAdult,0,NA,0,NA,0,67001638-2012-06-07,1
30,40,49829569,2012,HA1,06/06/2012,F,Adult,0,NA,0,NA,0,49829569-2012-06-06,0
10,80,66865371,2012,HA1,07/06/2012,M,Adult,0,NA,0,NA,1,66865371-2012-06-07,0
20,40,67007859,2012,HA1,08/06/2012,F,NotAdult,0,NA,0,NA,1,67007859-2012-06-08,1
40,40,66863517,2012,HA1,07/06/2012,F,NotAdult,0,NA,0,NA,0,66863517-2012-06-07,0
90,10,66891022,2012,HA1,08/06/2012,M,Adult,1,3646.153846,1,1892.307692,1,66891022-2012-06-08,1
10,0,66855330,2012,HA1,08/06/2012,M,Adult,0,NA,0,NA,0,66855330-2012-06-08,0
0,20,66889018,2012,HA1,06/06/2012,F,Adult,0,NA,0,NA,1,66889018-2012-06-06,1
80,30,66894117,2012,HA1,06/06/2012,F,NotAdult,1,464.516129,0,NA,1,66894117-2012-06-06,1
10,90,49847790,2012,HA1,06/06/2012,F,Adult,0,NA,0,NA,1,49847790-2012-06-06,0
10,10,66882554,2012,HA1,06/06/2012,M,NotAdult,0,NA,1,420.8333333,0,66882554-2012-06-06,1
10,10,49811771,2012,HA1,06/06/2012,F,Adult,0,NA,0,NA,1,49811771-2012-06-06,0
20,60,66854826,2012,HA1,06/06/2012,M,Adult,0,NA,0,NA,0,66854826-2012-06-06,1
30,100,52842550,2012,HA1,06/06/2012,F,Adult,0,NA,0,NA,1,52842550-2012-06-06,0
30,50,66890033,2012,HA1,07/06/2012,F,Adult,0,NA,0,NA,1,66890033-2012-06-07,1
100,30,66880622,2012,HA1,07/06/2012,M,Adult,0,NA,0,NA,0,66880622-2012-06-07,1
100,80,66861012,2012,HA1,07/06/2012,F,Adult,0,NA,0,NA,1,66861012-2012-06-07,0
90,30,66855566,2012,HA1,07/06/2012,M,NotAdult,0,NA,0,NA,0,66855566-2012-06-07,1
0,0,67125021,2012,HA1,19/06/2012,M,Adult,0,NA,0,NA,0,67125021-2012-06-19,0
0,20,66889018,2012,HA1,19/06/2012,F,Adult,0,NA,0,NA,0,66889018-2012-06-19,1
0,40,66890033,2012,HA1,19/06/2012,F,Adult,0,NA,0,NA,0,66890033-2012-06-19,1
10,40,67279086,2012,HA1,19/06/2012,M,Adult,0,NA,1,294.4444444,1,67279086-2012-06-19,1
10,20,49811771,2012,HA1,19/06/2012,F,Adult,0,NA,0,NA,1,49811771-2012-06-19,0
10,10,66865371,2012,HA1,19/06/2012,M,Adult,0,NA,0,NA,0,66865371-2012-06-19,0
20,10,67007859,2012,HA1,19/06/2012,F,Adult,0,NA,1,165.5172414,1,67007859-2012-06-19,1
40,50,67001638,2012,HA1,19/06/2012,F,NotAdult,0,NA,0,NA,0,67001638-2012-06-19,1
50,80,52842550,2012,HA1,19/06/2012,F,Adult,0,NA,1,142.8571429,1,52842550-2012-06-19,0
60,60,67126571,2012,HA1,19/06/2012,F,NotAdult,0,NA,1,7216.666667,0,67126571-2012-06-19,0
70,50,67076635,2012,HA1,19/06/2012,F,NotAdult,0,NA,1,95828.57143,0,67076635-2012-06-19,1
80,100,66883112,2012,HA1,19/06/2012,F,Adult,0,NA,0,NA,0,66883112-2012-06-19,0
80,80,66878865,2012,HA1,19/06/2012,M,Adult,0,NA,0,NA,1,66878865-2012-06-19,0
100,90,66855330,2012,HA1,19/06/2012,M,Adult,0,NA,0,NA,0,66855330-2012-06-19,1
100,30,67259597,2012,HA1,19/06/2012,F,Adult,0,NA,0,NA,0,67259597-2012-06-19,0
80,30,67288302,2012,HA1,19/06/2012,M,NotAdult,0,NA,0,NA,0,67288302-2012-06-19,1
10,100,49847790,2012,HA1,20/06/2012,F,Adult,0,NA,0,NA,1,49847790-2012-06-20,0
10,70,67010314,2012,HA1,21/06/2012,M,Adult,0,NA,0,NA,1,67010314-2012-06-21,0
60,20,67279792,2012,HA1,21/06/2012,M,Adult,1,20914.28571,1,771.4285714,0,67279792-2012-06-21,1
90,70,66811012,2012,HA1,21/06/2012,F,Adult,0,NA,0,NA,0,66811012-2012-06-21,0
80,100,67297817,2012,HA1,21/06/2012,F,NotAdult,0,NA,0,NA,0,67297817-2012-06-21,1
0,0,66855330,2012,HA1,03/07/2012,M,Adult,0,NA,0,NA,0,66855330-2012-07-03,1
10,50,67082058,2012,HA1,03/07/2012,F,NotAdult,NA,NA,0,NA,NA,67082058-2012-07-03,0
10,20,67279086,2012,HA1,03/07/2012,M,Adult,0,NA,0,NA,0,67279086-2012-07-03,1
10,10,66889018,2012,HA1,03/07/2012,F,Adult,0,NA,0,NA,0,66889018-2012-07-03,1
20,20,49811771,2012,HA1,03/07/2012,F,Adult,0,NA,0,NA,0,49811771-2012-07-03,0
20,60,66890033,2012,HA1,03/07/2012,F,Adult,0,NA,0,NA,0,66890033-2012-07-03,1
20,70,67070550,2012,HA1,03/07/2012,F,NotAdult,0,NA,0,NA,0,67070550-2012-07-03,1
20,70,49847790,2012,HA1,03/07/2012,F,Adult,0,NA,0,NA,1,49847790-2012-07-03,0
40,20,67279792,2012,HA1,03/07/2012,M,Adult,0,NA,0,NA,0,67279792-2012-07-03,1
60,30,67125021,2012,HA1,03/07/2012,M,Adult,0,NA,0,NA,0,67125021-2012-07-03,0
60,60,52842550,2012,HA1,03/07/2012,F,Adult,0,NA,0,NA,0,52842550-2012-07-03,0
70,0,66878865,2012,HA1,03/07/2012,M,Adult,0,NA,0,NA,0,66878865-2012-07-03,0
20,100,67076015,2012,HA1,04/07/2012,M,Adult,0,NA,1,36,1,67076015-2012-07-04,1
0,100,66859820,2012,HA1,04/07/2012,M,Adult,0,NA,1,4.444444444,1,66859820-2012-07-04,0
30,60,67095515,2012,HA1,04/07/2012,M,NotAdult,0,NA,0,NA,0,67095515-2012-07-04,1
70,30,66810776,2012,HA1,04/07/2012,M,Adult,0,NA,0,NA,0,66810776-2012-07-04,0
70,70,67288302,2012,HA1,04/07/2012,M,Adult,0,NA,0,NA,0,67288302-2012-07-04,1
100,80,66815612,2012,HA1,04/07/2012,F,Adult,NA,NA,0,NA,NA,66815612-2012-07-04,0
90,100,67297817,2012,HA1,05/07/2012,F,Adult,1,2.173913043,0,NA,0,67297817-2012-07-05,1
10,10,66889018,2012,HA1,17/07/2012,F,Adult,0,NA,0,NA,0,66889018-2012-07-17,1
60,90,52842550,2012,HA1,18/07/2012,F,Adult,0,NA,0,NA,1,52842550-2012-07-18,0
60,100,67076015,2012,HA1,18/07/2012,M,Adult,1,283.3333333,0,NA,0,67076015-2012-07-18,1
80,90,66815612,2012,HA1,18/07/2012,F,Adult,0,NA,0,NA,0,66815612-2012-07-18,0
90,50,67259597,2012,HA1,18/07/2012,F,Adult,0,NA,0,NA,0,67259597-2012-07-18,0
0,50,67074851,2012,HA1,17/07/2012,M,NotAdult,0,NA,0,NA,1,67074851-2012-07-17,1
10,100,66890033,2012,HA1,17/07/2012,F,Adult,0,NA,0,NA,0,66890033-2012-07-17,1
20,60,67070550,2012,HA1,17/07/2012,F,NotAdult,0,NA,1,15,0,67070550-2012-07-17,0
30,50,66809820,2012,HA1,17/07/2012,F,NotAdult,0,NA,0,NA,0,66809820-2012-07-17,0
40,20,49811771,2012,HA1,17/07/2012,F,Adult,0,NA,0,NA,0,49811771-2012-07-17,0
50,90,67094099,2012,HA1,17/07/2012,F,NotAdult,0,NA,1,11.11111111,0,67094099-2012-07-17,1
80,100,67125021,2012,HA1,17/07/2012,M,Adult,0,NA,0,NA,1,67125021-2012-07-17,1
100,70,66815612,2012,HA1,17/07/2012,F,Adult,0,NA,0,NA,0,66815612-2012-07-17,0
70,0,66810776,2012,HA1,17/07/2012,M,Adult,0,NA,1,606.25,0,66810776-2012-07-17,0
10,70,67074851,2012,HA1,14/08/2012,M,Adult,1,38.88888889,0,NA,1,67074851-2012-08-14,1
10,10,67091302,2012,HA1,14/08/2012,F,NotAdult,0,NA,0,NA,0,67091302-2012-08-14,0
10,0,67002542,2012,HA1,14/08/2012,M,Adult,1,167.6470588,0,NA,0,67002542-2012-08-14,1
30,50,49811771,2012,HA1,14/08/2012,F,Adult,0,NA,0,NA,1,49811771-2012-08-14,0
30,100,67070550,2012,HA1,14/08/2012,F,Adult,0,NA,0,NA,0,67070550-2012-08-14,1
50,100,52842550,2012,HA1,14/08/2012,F,Adult,0,NA,0,NA,1,52842550-2012-08-14,0
50,40,79618812,2012,HA1,14/08/2012,M,Adult,1,13782.85714,0,NA,0,79618812-2012-08-14,0
70,0,66878865,2012,HA1,14/08/2012,M,Adult,0,NA,0,NA,0,66878865-2012-08-14,0
80,30,67125021,2012,HA1,14/08/2012,M,Adult,0,NA,0,NA,1,67125021-2012-08-14,0
0,20,66889018,2012,HA1,31/07/2012,F,Adult,0,NA,0,NA,0,66889018-2012-07-31,1
0,80,67281060,2012,HA1,31/07/2012,F,Adult,0,NA,0,NA,0,67281060-2012-07-31,0
0,90,66859820,2012,HA1,31/07/2012,M,Adult,0,NA,0,NA,0,66859820-2012-07-31,0
10,30,49811771,2012,HA1,31/07/2012,F,Adult,0,NA,0,NA,0,49811771-2012-07-31,0
20,10,67002542,2012,HA1,31/07/2012,M,NotAdult,0,NA,0,NA,0,67002542-2012-07-31,1
30,10,67091302,2012,HA1,31/07/2012,F,NotAdult,0,NA,0,NA,0,67091302-2012-07-31,0
40,50,67070550,2012,HA1,31/07/2012,F,NotAdult,0,NA,0,NA,0,67070550-2012-07-31,1
60,100,66878865,2012,HA1,31/07/2012,M,Adult,0,NA,0,NA,0,66878865-2012-07-31,0
60,90,52842550,2012,HA1,31/07/2012,F,Adult,0,NA,0,NA,1,52842550-2012-07-31,0
60,50,67257539,2012,HA1,31/07/2012,F,NotAdult,1,426.0869565,0,NA,0,67257539-2012-07-31,1
60,30,66810776,2012,HA1,31/07/2012,M,Adult,0,NA,0,NA,0,66810776-2012-07-31,0
60,0,66809616,2012,HA1,31/07/2012,F,NotAdult,0,NA,0,NA,0,66809616-2012-07-31,1
80,40,67259597,2012,HA1,31/07/2012,F,Adult,NA,NA,0,NA,NA,67259597-2012-07-31,0
80,50,67094099,2012,HA1,31/07/2012,F,Adult,1,118.1818182,0,NA,0,67094099-2012-07-31,1
100,90,67088045,2012,HA1,31/07/2012,F,NotAdult,NA,NA,0,NA,NA,67088045-2012-07-31,0
100,80,66815612,2012,HA1,31/07/2012,F,Adult,0,NA,0,NA,0,66815612-2012-07-31,0
100,10,67125021,2012,HA1,31/07/2012,M,Adult,0,NA,0,NA,0,67125021-2012-07-31,0
70,100,67073562,2012,HA1,02/08/2012,M,Adult,1,164.2857143,0,NA,0,67073562-2012-08-02,1
70,90,67123054,2012,HA1,02/08/2012,M,Adult,1,60.86956522,0,NA,0,67123054-2012-08-02,0
80,0,79786616,2012,HA1,16/08/2012,F,NotAdult,0,NA,0,NA,0,79786616-2012-08-16,1
80,10,79610382,2012,HA1,16/08/2012,F,Adult,0,NA,0,NA,0,79610382-2012-08-16,0
80,90,67123054,2012,HA1,16/08/2012,M,Adult,1,5.555555556,0,NA,0,67123054-2012-08-16,0
0,60,79613350,2012,HA1,28/08/2012,M,Adult,0,NA,0,NA,0,79613350-2012-08-28,1
0,70,67074851,2012,HA1,28/08/2012,M,Adult,0,NA,1,7.142857143,0,67074851-2012-08-28,1
10,40,79783060,2012,HA1,28/08/2012,M,Adult,0,NA,0,NA,0,79783060-2012-08-28,1
10,0,79796354,2012,HA1,28/08/2012,M,Adult,0,NA,0,NA,0,79796354-2012-08-28,0
20,10,67091302,2012,HA1,28/08/2012,F,NotAdult,0,NA,0,NA,0,67091302-2012-08-28,0
20,20,67002542,2012,HA1,28/08/2012,M,Adult,0,NA,0,NA,0,67002542-2012-08-28,1
30,100,79769374,2012,HA1,28/08/2012,M,Adult,1,5.405405405,0,NA,0,79769374-2012-08-28,1
30,10,79786360,2012,HA1,28/08/2012,F,NotAdult,1,300,0,NA,0,79786360-2012-08-28,0
100,80,79775545,2012,HA1,14/08/2012,M,NotAdult,1,83.33333333,1,616.6666667,0,79775545-2012-08-14,1
80,100,79639579,2012,HA1,14/08/2012,F,Adult,0,NA,1,121.2121212,0,79639579-2012-08-14,0
80,50,67094099,2012,HA1,14/08/2012,F,Adult,1,3452.054795,1,2367.123288,0,67094099-2012-08-14,1
10,80,79772013,2012,HA1,15/08/2012,M,Adult,0,NA,1,28.57142857,0,79772013-2012-08-15,1
20,0,79786360,2012,HA1,15/08/2012,F,NotAdult,0,NA,0,NA,0,79786360-2012-08-15,0
30,20,79783060,2012,HA1,15/08/2012,M,Adult,0,NA,0,NA,0,79783060-2012-08-15,1
50,20,67010536,2012,HA1,15/08/2012,M,Adult,0,NA,0,NA,0,67010536-2012-08-15,0
100,20,66880047,2012,HA1,15/08/2012,M,Adult,1,833.3333333,0,NA,0,66880047-2012-08-15,1
100,80,66843623,2012,HA1,15/08/2012,M,NotAdult,1,4600,0,NA,0,66843623-2012-08-15,0
90,80,79630588,2012,HA1,15/08/2012,F,NotAdult,0,NA,0,NA,0,79630588-2012-08-15,1
90,90,67287808,2012,HA1,15/08/2012,F,NotAdult,1,9.090909091,0,NA,0,67287808-2012-08-15,0
70,100,67005821,2012,HA1,15/08/2012,M,Adult,0,NA,0,NA,0,67005821-2012-08-15,1
80,20,67125021,2012,HA1,15/08/2012,M,Adult,0,NA,0,NA,0,67125021-2012-08-15,0
40,0,49811771,2012,HA1,28/08/2012,F,Adult,0,NA,0,NA,1,49811771-2012-08-28,0
50,80,79784326,2012,HA1,28/08/2012,M,Adult,0,NA,0,NA,0,79784326-2012-08-28,1
60,80,79797834,2012,HA1,28/08/2012,F,NotAdult,1,540,0,NA,0,79797834-2012-08-28,0
90,70,79618812,2012,HA1,28/08/2012,M,Adult,1,4400,0,NA,0,79618812-2012-08-28,0
90,80,79782555,2012,HA1,28/08/2012,F,NotAdult,0,NA,0,NA,0,79782555-2012-08-28,1
100,20,79779379,2012,HA1,28/08/2012,M,Adult,0,NA,1,3.448275862,0,79779379-2012-08-28,0
30,90,79770603,2012,HA1,29/08/2012,M,NotAdult,0,NA,0,NA,0,79770603-2012-08-29,0
40,50,67534600,2012,HA1,29/08/2012,M,NotAdult,1,2027.586207,0,NA,0,67534600-2012-08-29,1
40,100,79771081,2012,HA1,29/08/2012,F,NotAdult,0,NA,0,NA,0,79771081-2012-08-29,0
50,100,67080373,2012,HA1,29/08/2012,M,Adult,0,NA,0,NA,0,67080373-2012-08-29,1
50,50,79774854,2012,HA1,29/08/2012,F,Adult,1,240,1,171.4285714,0,79774854-2012-08-29,0
70,90,79768798,2012,HA1,29/08/2012,F,Adult,0,NA,0,NA,0,79768798-2012-08-29,1
100,80,66878865,2012,HA1,29/08/2012,M,Adult,1,4,0,NA,0,66878865-2012-08-29,0
100,10,79770535,2012,HA1,30/08/2012,F,NotAdult,NA,NA,0,NA,NA,79770535-2012-08-30,0
90,0,66891529,2012,HA1,30/08/2012,M,Adult,0,NA,0,NA,1,66891529-2012-08-30,1
90,80,79638791,2012,HA1,30/08/2012,M,Adult,0,NA,0,NA,0,79638791-2012-08-30,0
80,40,66849796,2012,HA1,30/08/2012,F,Adult,1,227.5,0,NA,1,66849796-2012-08-30,1
60,20,66808052,2012,HA1,30/08/2012,M,Adult,0,NA,0,NA,0,66808052-2012-08-30,0
40,40,67279792,2012,HA1,30/08/2012,M,Adult,0,NA,0,NA,0,67279792-2012-08-30,1
40,90,66845816,2012,HA1,30/08/2012,F,Adult,1,18618.18182,0,NA,0,66845816-2012-08-30,1
30,0,66828572,2012,HA1,30/08/2012,M,Adult,0,NA,0,NA,0,66828572-2012-08-30,1
100,40,67125021,2012,HA1,29/08/2012,M,Adult,0,NA,0,NA,0,67125021-2012-08-29,0
20,80,66818332,2012,HA1,30/08/2012,F,NotAdult,NA,NA,0,NA,NA,66818332-2012-08-30,0
20,100,66869343,2012,HA1,30/08/2012,M,Adult,0,NA,0,NA,0,66869343-2012-08-30,1
10,100,66810301,2012,HA1,30/08/2012,M,Adult,0,NA,0,NA,0,66810301-2012-08-30,0
0,90,66853619,2012,HA1,30/08/2012,M,NotAdult,1,6675,1,53.125,0,66853619-2012-08-30,1
10,40,79623797,2012,HA1,30/08/2012,M,Adult,1,872.2222222,0,NA,0,79623797-2012-08-30,0
0,0,66889018,2012,HA1,30/08/2012,F,Adult,0,NA,0,NA,0,66889018-2012-08-30,1
10,70,67007587,2012,HA1,30/08/2012,M,Adult,1,850,0,NA,0,67007587-2012-08-30,0
0,30,79797893,2012,HA1,30/08/2012,M,Adult,0,NA,0,NA,0,79797893-2012-08-30,0
0,60,66875804,2012,HA1,30/08/2012,F,NotAdult,NA,NA,0,NA,NA,66875804-2012-08-30,1
10,0,79788371,2012,HA1,11/09/2012,M,Adult,0,NA,0,NA,0,79788371-2012-09-11,0
10,40,67279792,2012,HA1,11/09/2012,M,Adult,0,NA,0,NA,0,67279792-2012-09-11,1
10,70,79780025,2012,HA1,11/09/2012,M,NotAdult,0,NA,1,2017.391304,0,79780025-2012-09-11,1
20,50,49811771,2012,HA1,11/09/2012,F,Adult,0,NA,0,NA,0,49811771-2012-09-11,0
20,50,79797359,2012,HA1,11/09/2012,F,Adult,0,NA,0,NA,0,79797359-2012-09-11,0
20,40,79774581,2012,HA1,11/09/2012,F,NotAdult,0,NA,0,NA,0,79774581-2012-09-11,1
20,30,79797266,2012,HA1,11/09/2012,F,NotAdult,0,NA,1,7880,0,79797266-2012-09-11,0
20,20,67091302,2012,HA1,11/09/2012,F,Adult,0,NA,0,NA,0,67091302-2012-09-11,0
20,10,67002542,2012,HA1,11/09/2012,M,Adult,0,NA,0,NA,0,67002542-2012-09-11,1
60,50,66859820,2012,HA1,11/09/2012,M,Adult,0,NA,0,NA,0,66859820-2012-09-11,0
70,0,79770007,2012,HA1,11/09/2012,M,Adult,0,NA,0,NA,0,79770007-2012-09-11,1
80,20,79796354,2012,HA1,11/09/2012,M,Adult,1,61.53846154,1,51.28205128,1,79796354-2012-09-11,0
90,40,79769830,2012,HA1,11/09/2012,F,Adult,0,NA,1,484.6153846,0,79769830-2012-09-11,0
90,30,79796374,2012,HA1,11/09/2012,M,Adult,0,NA,0,NA,1,79796374-2012-09-11,1
100,10,66808052,2012,HA1,11/09/2012,M,Adult,0,NA,0,NA,0,66808052-2012-09-11,0
100,70,79625010,2012,HA1,11/09/2012,M,Adult,0,NA,0,NA,0,79625010-2012-09-11,1
0,100,79637279,2012,HA1,12/09/2012,M,Adult,1,12.12121212,0,NA,0,79637279-2012-09-12,0
20,60,79789599,2012,HA1,12/09/2012,M,Adult,0,NA,0,NA,0,79789599-2012-09-12,1
40,80,79630010,2012,HA1,12/09/2012,F,Adult,NA,NA,0,NA,NA,79630010-2012-09-12,0
60,100,67080373,2012,HA1,12/09/2012,M,Adult,0,NA,0,NA,0,67080373-2012-09-12,1
90,60,79770029,2012,HA1,12/09/2012,M,Adult,0,NA,0,NA,0,79770029-2012-09-12,1
30,100,79795857,2012,HA1,13/09/2012,M,Adult,1,21.05263158,1,73.68421053,0,79795857-2012-09-13,0
30,100,79795002,2012,HA1,13/09/2012,M,Adult,0,NA,0,NA,0,79795002-2012-09-13,1
0,10,67279086,2012,HA1,25/09/2012,M,Adult,NA,NA,0,NA,NA,67279086-2012-09-25,1
0,30,67002542,2012,HA1,25/09/2012,M,Adult,NA,NA,0,NA,NA,67002542-2012-09-25,1
0,70,66872112,2012,HA1,25/09/2012,M,Adult,0,NA,0,NA,0,66872112-2012-09-25,0
0,100,66878317,2012,HA1,25/09/2012,M,Adult,NA,NA,0,NA,NA,66878317-2012-09-25,1
10,100,67080373,2012,HA1,25/09/2012,M,Adult,1,18.4,1,3.2,0,67080373-2012-09-25,1
10,90,79630010,2012,HA1,25/09/2012,F,Adult,0,NA,1,15.78947368,0,79630010-2012-09-25,0
10,30,49811771,2012,HA1,25/09/2012,F,Adult,0,NA,0,NA,0,49811771-2012-09-25,0
10,20,79796354,2012,HA1,25/09/2012,M,Adult,0,NA,0,NA,1,79796354-2012-09-25,0
10,10,79786360,2012,HA1,25/09/2012,F,Adult,0,NA,0,NA,0,79786360-2012-09-25,0
20,40,67006795,2012,HA1,25/09/2012,M,Adult,1,9672.727273,0,NA,0,67006795-2012-09-25,0
20,90,66881074,2012,HA1,25/09/2012,F,Adult,0,NA,0,NA,0,66881074-2012-09-25,1
30,0,67091302,2012,HA1,25/09/2012,F,Adult,0,NA,0,NA,0,67091302-2012-09-25,0
0,90,79794592,2012,HA1,11/09/2012,F,Adult,1,430,0,NA,0,79794592-2012-09-11,1
0,100,66853619,2012,HA1,11/09/2012,M,Adult,0,NA,0,NA,0,66853619-2012-09-11,1
10,80,66818332,2012,HA1,11/09/2012,F,Adult,1,69.3877551,1,673.4693878,0,66818332-2012-09-11,0
20,100,79630102,2012,HA1,11/09/2012,M,Adult,0,NA,0,NA,0,79630102-2012-09-11,0
30,30,79786360,2012,HA1,11/09/2012,F,Adult,1,14.28571429,0,NA,0,79786360-2012-09-11,0
40,60,79793093,2012,HA1,11/09/2012,M,Adult,1,329.7297297,1,8.108108108,0,79793093-2012-09-11,1
40,100,79770603,2012,HA1,11/09/2012,M,Adult,0,NA,1,5328.813559,0,79770603-2012-09-11,0
50,80,66810112,2012,HA1,11/09/2012,M,Adult,0,NA,0,NA,1,66810112-2012-09-11,0
60,100,66869343,2012,HA1,11/09/2012,M,Adult,1,4896,0,NA,0,66869343-2012-09-11,1
80,100,79768798,2012,HA1,11/09/2012,F,Adult,0,NA,0,NA,0,79768798-2012-09-11,1
80,60,84587833,2012,HA1,11/09/2012,F,Adult,NA,NA,0,NA,NA,84587833-2012-09-11,0
80,60,79618812,2012,HA1,11/09/2012,M,Adult,0,NA,0,NA,1,79618812-2012-09-11,0
90,70,66807101,2012,HA1,11/09/2012,F,Adult,1,34187.7551,0,NA,0,66807101-2012-09-11,1
40,90,67089554,2012,HA1,25/09/2012,F,Adult,1,82.22222222,1,91.11111111,0,67089554-2012-09-25,0
40,60,79618812,2012,HA1,25/09/2012,M,Adult,1,4.651162791,0,NA,0,79618812-2012-09-25,0
50,20,57079854,2012,HA1,25/09/2012,F,Adult,0,NA,0,NA,1,57079854-2012-09-25,1
60,20,66855532,2012,HA1,25/09/2012,F,Adult,0,NA,0,NA,1,66855532-2012-09-25,0
60,10,79786877,2012,HA1,25/09/2012,M,NotAdult,0,NA,0,NA,0,79786877-2012-09-25,1
70,90,66845816,2012,HA1,25/09/2012,F,Adult,1,34.48275862,1,6.896551724,0,66845816-2012-09-25,1
70,70,66893321,2012,HA1,25/09/2012,M,Adult,0,NA,0,NA,0,66893321-2012-09-25,0
70,60,79636804,2012,HA1,25/09/2012,F,Adult,1,13600,0,NA,0,79636804-2012-09-25,1
70,50,84587833,2012,HA1,25/09/2012,F,Adult,0,NA,0,NA,0,84587833-2012-09-25,0
70,20,79632292,2012,HA1,25/09/2012,M,Adult,0,NA,0,NA,0,79632292-2012-09-25,0
80,20,66856609,2012,HA1,25/09/2012,M,NotAdult,0,NA,0,NA,0,66856609-2012-09-25,1
80,100,67003077,2012,HA1,25/09/2012,F,Adult,0,NA,0,NA,0,67003077-2012-09-25,0
100,60,79783063,2012,HA1,28/09/2012,F,Adult,0,NA,0,NA,0,79783063-2012-09-28,0
100,70,79625010,2012,HA1,28/09/2012,M,NA,0,NA,1,88.46153846,0,79625010-2012-09-28,0
100,70,79617018,2012,HA1,28/09/2012,M,Adult,0,NA,0,NA,0,79617018-2012-09-28,1
100,80,79619290,2012,HA1,28/09/2012,M,Adult,0,NA,1,1392.982456,0,79619290-2012-09-28,0
100,80,NA,2012,HA1,28/09/2012,NA,NA,NA,NA,0,NA,NA,NA-2012-09-28,0
100,90,66843623,2012,HA1,28/09/2012,M,Adult,0,NA,1,246.1538462,0,66843623-2012-09-28,0
90,80,79624348,2012,HA1,28/09/2012,M,Adult,0,NA,0,NA,0,79624348-2012-09-28,1
30,90,79773579,2012,HA1,12/09/2012,M,Adult,0,NA,0,NA,0,79773579-2012-09-12,1
30,30,79612036,2012,HA1,12/09/2012,M,NotAdult,0,NA,0,NA,0,79612036-2012-09-12,0
50,0,66828572,2012,HA1,12/09/2012,M,Adult,1,1687.5,0,NA,0,66828572-2012-09-12,1
100,10,79632292,2012,HA1,13/09/2012,M,Adult,1,354.5454545,1,109.0909091,1,79632292-2012-09-13,0
60,100,66845816,2012,HA1,13/09/2012,F,Adult,1,10,0,NA,0,66845816-2012-09-13,1
100,30,79776324,2012,HA1,27/09/2012,M,Adult,0,NA,0,NA,0,79776324-2012-09-27,1
100,50,79618628,2012,HA1,27/09/2012,M,Adult,0,NA,1,3781.818182,0,79618628-2012-09-27,0
100,90,66867845,2012,HA1,27/09/2012,M,Adult,1,618.1818182,1,254.5454545,0,66867845-2012-09-27,1
90,70,79790568,2012,HA1,27/09/2012,M,Adult,0,NA,1,302.2222222,1,79790568-2012-09-27,0
90,50,79793093,2012,HA1,27/09/2012,M,Adult,1,342.8571429,1,697.1428571,0,79793093-2012-09-27,1
90,30,79775849,2012,HA1,27/09/2012,F,Adult,0,NA,0,NA,1,79775849-2012-09-27,0
80,40,66810112,2012,HA1,27/09/2012,M,Adult,0,NA,0,NA,0,66810112-2012-09-27,0
80,80,79623859,2012,HA1,27/09/2012,M,Adult,0,NA,0,NA,0,79623859-2012-09-27,1
60,80,79619551,2012,HA1,27/09/2012,M,NotAdult,1,513.0434783,0,NA,0,79619551-2012-09-27,1
60,100,79786569,2012,HA1,27/09/2012,M,Adult,1,511.1111111,0,NA,0,79786569-2012-09-27,0
50,50,79795060,2012,HA1,27/09/2012,M,Adult,0,NA,0,NA,0,79795060-2012-09-27,1
50,0,66866543,2012,HA1,27/09/2012,F,NotAdult,1,2276.923077,0,NA,0,66866543-2012-09-27,0
30,100,67010054,2012,HA1,27/09/2012,F,NotAdult,1,1626.086957,0,NA,0,67010054-2012-09-27,1
30,60,79638280,2012,HA1,27/09/2012,F,Adult,1,172.0930233,1,1446.511628,0,79638280-2012-09-27,0
70,40,79636804,2012,HA1,27/09/2012,NA,NA,1,280.5970149,0,NA,1,79636804-2012-09-27,0
30,20,66828572,2012,HA1,27/09/2012,M,Adult,0,NA,0,NA,0,66828572-2012-09-27,1
30,0,84593844,2012,HA1,27/09/2012,F,Adult,0,NA,0,NA,0,84593844-2012-09-27,1
20,50,66821017,2012,HA1,27/09/2012,F,NotAdult,NA,NA,0,NA,NA,66821017-2012-09-27,0
10,90,67010260,2012,HA1,27/09/2012,F,Adult,0,NA,0,NA,1,67010260-2012-09-27,1
0,40,66867586,2012,HA1,27/09/2012,M,Adult,0,NA,0,NA,0,66867586-2012-09-27,0
0,80,79637279,2012,HA1,27/09/2012,M,Adult,0,NA,0,NA,0,79637279-2012-09-27,0
0,90,79630102,2012,HA1,27/09/2012,NA,NA,0,NA,0,NA,0,79630102-2012-09-27,0
80,70,79784299,2012,HA1,28/09/2012,F,NotAdult,1,638.0952381,0,NA,0,79784299-2012-09-28,0
70,90,79793298,2012,HA1,28/09/2012,F,Adult,0,NA,0,NA,0,79793298-2012-09-28,1
60,40,79786865,2012,HA1,28/09/2012,M,Adult,NA,NA,0,NA,NA,79786865-2012-09-28,0
60,60,67077295,2012,HA1,28/09/2012,M,Adult,1,724.5283019,1,237.7358491,0,67077295-2012-09-28,1
0,10,79797793,2012,HA1,28/09/2012,F,Adult,0,NA,0,NA,0,79797793-2012-09-28,0
100,0,79617035,2012,HA1,09/10/2012,F,Adult,1,54857.14286,0,NA,0,79617035-2012-10-09,0
100,10,79609832,2012,HA1,09/10/2012,M,Adult,NA,NA,0,NA,NA,79609832-2012-10-09,1
100,40,79775849,2012,HA1,09/10/2012,F,Adult,1,60.71428571,0,NA,0,79775849-2012-10-09,0
100,60,79623859,2012,HA1,09/10/2012,M,Adult,0,NA,0,NA,0,79623859-2012-10-09,1
100,70,79626809,2012,HA1,09/10/2012,M,Adult,1,83.33333333,1,116.6666667,0,79626809-2012-10-09,1
100,80,79638837,2012,HA1,09/10/2012,M,Adult,0,NA,0,NA,0,79638837-2012-10-09,0
100,90,79619290,2012,HA1,09/10/2012,M,Adult,0,NA,0,NA,0,79619290-2012-10-09,0
90,100,79615038,2012,HA1,09/10/2012,F,Adult,0,NA,0,NA,0,79615038-2012-10-09,1
90,80,79790568,2012,HA1,09/10/2012,M,Adult,1,38.0952381,1,260.3174603,0,79790568-2012-10-09,0
90,60,79776324,2012,HA1,09/10/2012,M,Adult,0,NA,0,NA,0,79776324-2012-10-09,1
90,10,79793093,2012,HA1,09/10/2012,M,Adult,0,NA,0,NA,0,79793093-2012-10-09,1
80,20,67079854,2012,HA1,09/10/2012,F,Adult,0,NA,0,NA,0,67079854-2012-10-09,1
70,0,66828572,2012,HA1,09/10/2012,M,Adult,0,NA,0,NA,0,66828572-2012-10-09,1
70,20,79795060,2012,HA1,09/10/2012,M,Adult,1,950,0,NA,0,79795060-2012-10-09,1
70,70,79630840,2012,HA1,09/10/2012,F,NotAdult,1,35200,0,NA,0,79630840-2012-10-09,0
70,90,66867845,2012,HA1,09/10/2012,M,Adult,0,NA,1,450,0,66867845-2012-10-09,1
70,100,79638784,2012,HA1,09/10/2012,M,Adult,1,100,0,NA,0,79638784-2012-10-09,1
60,70,79786569,2012,HA1,09/10/2012,M,Adult,1,61800,0,NA,0,79786569-2012-10-09,0
60,40,79781605,2012,HA1,09/10/2012,F,Adult,1,12600,0,NA,0,79781605-2012-10-09,0
100,40,66887847,2012,HA1,10/10/2012,M,Adult,0,NA,0,NA,0,66887847-2012-10-10,0
60,10,79632292,2012,HA1,10/10/2012,NA,NA,1,105.2631579,1,115.7894737,1,79632292-2012-10-10,0
100,10,79614264,2012,HA1,11/10/2012,F,Adult,0,NA,0,NA,0,79614264-2012-10-11,0
90,10,79616012,2012,HA1,11/10/2012,M,Adult,0,NA,0,NA,0,79616012-2012-10-11,1
90,70,79792581,2012,HA1,11/10/2012,F,Adult,0,NA,1,400,0,79792581-2012-10-11,0
90,100,79609626,2012,HA1,11/10/2012,M,Adult,0,NA,0,NA,0,79609626-2012-10-11,1
70,60,67080373,2012,HA1,11/10/2012,M,Adult,0,NA,0,NA,0,67080373-2012-10-11,1
60,20,66885846,2012,HA1,11/10/2012,M,Adult,0,NA,0,NA,0,66885846-2012-10-11,0
50,0,79638271,2012,HA1,11/10/2012,M,NotAdult,NA,NA,0,NA,NA,79638271-2012-10-11,1
10,60,79627018,2012,HA1,11/10/2012,M,Adult,0,NA,0,NA,0,79627018-2012-10-11,1
0,70,67124339,2012,HA1,11/10/2012,M,Adult,NA,NA,0,NA,NA,67124339-2012-10-11,0
0,0,66808052,2012,HA1,09/10/2012,M,Adult,0,NA,0,NA,0,66808052-2012-10-09,0
0,30,66821017,2012,HA1,09/10/2012,F,NotAdult,0,NA,0,NA,0,66821017-2012-10-09,0
0,40,79783071,2012,HA1,09/10/2012,F,NotAdult,0,NA,1,1840,0,79783071-2012-10-09,0
0,70,66872112,2012,HA1,09/10/2012,M,Adult,0,NA,0,NA,0,66872112-2012-10-09,0
0,90,79778836,2012,HA1,09/10/2012,M,Adult,0,NA,0,NA,0,79778836-2012-10-09,1
10,80,66878317,2012,HA1,09/10/2012,M,Adult,0,NA,0,NA,0,66878317-2012-10-09,1
20,40,67006795,2012,HA1,09/10/2012,M,Adult,1,4844.444444,0,NA,0,67006795-2012-10-09,0
20,60,79630010,2012,HA1,09/10/2012,F,Adult,0,NA,0,NA,0,79630010-2012-10-09,0
30,60,67089554,2012,HA1,09/10/2012,F,Adult,0,NA,0,NA,0,67089554-2012-10-09,0
40,80,79769626,2012,HA1,09/10/2012,F,Adult,1,16933.33333,0,NA,0,79769626-2012-10-09,0
40,90,66881074,2012,HA1,09/10/2012,F,Adult,1,556800,0,NA,0,66881074-2012-10-09,1
40,100,79793298,2012,HA1,09/10/2012,F,Adult,0,NA,0,NA,0,79793298-2012-10-09,1
40,100,79625885,2012,HA1,09/10/2012,F,Adult,1,1837.5,0,NA,0,79625885-2012-10-09,1
0,60,79786120,2012,HA1,10/10/2012,F,Adult,0,NA,0,NA,0,79786120-2012-10-10,1
0,90,79639272,2012,HA1,10/10/2012,M,Adult,1,444.4444444,0,NA,0,79639272-2012-10-10,0
10,100,79769061,2012,HA1,10/10/2012,F,Adult,0,NA,0,NA,0,79769061-2012-10-10,1
10,10,79786360,2012,HA1,10/10/2012,NA,NA,0,NA,0,NA,0,79786360-2012-10-10,0
10,0,79778567,2012,HA1,10/10/2012,F,Adult,0,NA,0,NA,0,79778567-2012-10-10,0
30,10,79785369,2012,HA1,10/10/2012,M,NotAdult,0,NA,0,NA,0,79785369-2012-10-10,0
0,80,79639272,2012,HA1,23/10/2012,M,Adult,0,NA,0,NA,0,79639272-2012-10-23,0
100,10,79630354,2012,HA1,24/10/2012,F,Adult,0,NA,1,1136.363636,0,79630354-2012-10-24,1
100,70,66843623,2012,HA1,24/10/2012,M,Adult,0,NA,0,NA,0,66843623-2012-10-24,0
100,90,79776883,2012,HA1,24/10/2012,M,Adult,0,NA,0,NA,0,79776883-2012-10-24,0
90,40,79792581,2012,HA1,24/10/2012,F,Adult,0,NA,0,NA,0,79792581-2012-10-24,0
70,60,67075638,2012,HA1,24/10/2012,F,NotAdult,1,466.6666667,0,NA,0,67075638-2012-10-24,0
70,50,79623859,2012,HA1,24/10/2012,M,Adult,0,NA,0,NA,0,79623859-2012-10-24,1
60,20,79797842,2012,HA1,24/10/2012,M,Adult,0,NA,0,NA,0,79797842-2012-10-24,1
0,20,79609302,2012,HA1,25/10/2012,M,Adult,0,NA,0,NA,0,79609302-2012-10-25,1
10,20,79770053,2012,HA1,25/10/2012,M,Adult,1,11.76470588,0,NA,0,79770053-2012-10-25,0
20,70,79633854,2012,HA1,25/10/2012,F,Adult,0,NA,1,400,0,79633854-2012-10-25,1
30,50,79772013,2012,HA1,25/10/2012,M,Adult,0,NA,0,NA,1,79772013-2012-10-25,0
30,90,79613873,2012,HA1,25/10/2012,M,Adult,0,NA,1,7.692307692,0,79613873-2012-10-25,1
100,10,79609832,2012,HA1,23/10/2012,M,Adult,0,NA,0,NA,0,79609832-2012-10-23,1
100,90,79790568,2012,HA1,23/10/2012,M,Adult,0,NA,0,NA,0,79790568-2012-10-23,0
90,30,79776324,2012,HA1,23/10/2012,M,Adult,0,NA,0,NA,0,79776324-2012-10-23,1
80,30,79793093,2012,HA1,23/10/2012,M,Adult,0,NA,1,76.78571429,0,79793093-2012-10-23,1
80,50,79626809,2012,HA1,23/10/2012,M,Adult,0,NA,0,NA,0,79626809-2012-10-23,1
70,100,79786569,2012,HA1,23/10/2012,M,Adult,0,NA,0,NA,0,79786569-2012-10-23,0
40,50,66845816,2012,HA1,23/10/2012,F,Adult,0,NA,0,NA,0,66845816-2012-10-23,1
40,100,79615038,2012,HA1,23/10/2012,F,Adult,1,12685.71429,0,NA,0,79615038-2012-10-23,1
10,0,79778567,2012,HA1,23/10/2012,F,Adult,0,NA,0,NA,0,79778567-2012-10-23,0
10,10,66808052,2012,HA1,23/10/2012,M,Adult,0,NA,0,NA,0,66808052-2012-10-23,0
10,70,66872112,2012,HA1,23/10/2012,M,Adult,0,NA,0,NA,1,66872112-2012-10-23,0
10,70,66878317,2012,HA1,23/10/2012,M,Adult,0,NA,0,NA,0,66878317-2012-10-23,1
10,80,79786120,2012,HA1,23/10/2012,F,Adult,0,NA,0,NA,0,79786120-2012-10-23,1
10,90,79623797,2012,HA1,23/10/2012,M,Adult,0,NA,0,NA,1,79623797-2012-10-23,0
10,100,79630010,2012,HA1,23/10/2012,F,Adult,0,NA,0,NA,0,79630010-2012-10-23,0
0,100,67010054,2012,HA1,23/10/2012,F,Adult,1,10.25641026,0,NA,0,67010054-2012-10-23,1
20,80,67073610,2012,HA1,23/10/2012,F,NotAdult,0,NA,0,NA,0,67073610-2012-10-23,1
20,60,67088839,2012,HA1,23/10/2012,M,Adult,0,NA,1,2230.769231,0,67088839-2012-10-23,0
20,0,79628068,2012,HA1,23/10/2012,M,Adult,0,NA,0,NA,1,79628068-2012-10-23,1
30,0,67069635,2012,HA1,23/10/2012,F,Adult,0,NA,0,NA,0,67069635-2012-10-23,0
30,100,79638784,2012,HA1,23/10/2012,M,Adult,0,NA,0,NA,0,79638784-2012-10-23,1
50,80,67080373,2012,HA1,23/10/2012,M,Adult,0,NA,1,92,0,67080373-2012-10-23,1
50,0,66828572,2012,HA1,23/10/2012,M,Adult,0,NA,1,13.79310345,0,66828572-2012-10-23,0
70,30,79785381,2012,HA1,23/10/2012,F,NotAdult,0,NA,0,NA,1,79785381-2012-10-23,1
70,40,67088367,2012,HA1,23/10/2012,F,NotAdult,0,NA,0,NA,0,67088367-2012-10-23,0
70,90,66867845,2012,HA1,23/10/2012,M,Adult,0,NA,0,NA,0,66867845-2012-10-23,1
100,90,79638837,2012,HA1,23/10/2012,M,Adult,0,NA,0,NA,0,79638837-2012-10-23,0
100,20,79775849,2012,HA1,23/10/2012,F,Adult,0,NA,0,NA,0,79775849-2012-10-23,0
0,30,79789358,2012,HA1,06/11/2012,M,Adult,0,NA,0,NA,1,79789358-2012-11-06,0
0,40,66872112,2012,HA1,06/11/2012,M,Adult,0,NA,0,NA,0,66872112-2012-11-06,0
0,70,66878317,2012,HA1,06/11/2012,M,Adult,0,NA,1,8.695652174,0,66878317-2012-11-06,1
10,90,79786120,2012,HA1,06/11/2012,F,Adult,NA,NA,0,NA,NA,79786120-2012-11-06,1
20,0,79797793,2012,HA1,06/11/2012,F,Adult,0,NA,0,NA,0,79797793-2012-11-06,0
30,100,79638784,2012,HA1,06/11/2012,M,Adult,0,NA,0,NA,1,79638784-2012-11-06,1
30,90,79795630,2012,HA1,06/11/2012,F,Adult,1,151.5151515,0,NA,1,79795630-2012-11-06,1
50,30,67120021,2012,HA1,06/11/2012,F,Adult,0,NA,0,NA,0,67120021-2012-11-06,1
50,80,79793298,2012,HA1,25/10/2012,F,Adult,0,NA,0,NA,0,79793298-2012-10-25,1
100,90,79769584,2012,HA1,25/10/2012,M,Adult,0,NA,0,NA,1,79769584-2012-10-25,1
100,10,79792086,2012,HA1,25/10/2012,F,NotAdult,1,40,1,100,0,79792086-2012-10-25,0
40,100,79782524,2012,HA1,24/10/2012,F,Adult,0,NA,0,NA,0,79782524-2012-10-24,0
40,70,66866819,2012,HA1,24/10/2012,F,Adult,0,NA,0,NA,0,66866819-2012-10-24,1
30,80,79797884,2012,HA1,24/10/2012,M,Adult,0,NA,0,NA,0,79797884-2012-10-24,0
30,90,79795630,2012,HA1,24/10/2012,F,Adult,0,NA,0,NA,0,79795630-2012-10-24,1
20,10,84593844,2012,HA1,24/10/2012,F,Adult,0,NA,0,NA,0,84593844-2012-10-24,1
0,60,79789358,2012,HA1,24/10/2012,M,Adult,0,NA,1,50,1,79789358-2012-10-24,0
0,10,79619551,2012,HA1,24/10/2012,NA,NA,0,NA,0,NA,0,79619551-2012-10-24,1
0,0,67095127,2012,HA1,24/10/2012,M,Adult,0,NA,0,NA,1,67095127-2012-10-24,1
0,10,79797793,2012,HA1,20/11/2012,F,Adult,0,NA,0,NA,0,79797793-2012-11-20,0
0,60,66872112,2012,HA1,20/11/2012,M,Adult,0,NA,0,NA,0,66872112-2012-11-20,0
0,90,79623797,2012,HA1,20/11/2012,M,Adult,0,NA,0,NA,1,79623797-2012-11-20,0
0,10,67259552,2012,HA1,07/11/2012,F,Adult,0,NA,0,NA,0,67259552-2012-11-07,0
10,50,79639272,2012,HA1,07/11/2012,M,Adult,0,NA,0,NA,0,79639272-2012-11-07,0
10,10,79628068,2012,HA1,07/11/2012,M,Adult,0,NA,1,36757.89474,0,79628068-2012-11-07,1
20,20,66808052,2012,HA1,07/11/2012,M,Adult,0,NA,0,NA,0,66808052-2012-11-07,0
80,70,79782524,2012,HA1,07/11/2012,F,Adult,1,5719.148936,0,NA,0,79782524-2012-11-07,0
80,70,66867845,2012,HA1,07/11/2012,M,Adult,0,NA,1,3634.285714,0,66867845-2012-11-07,1
70,50,66866819,2012,HA1,07/11/2012,F,Adult,0,NA,0,NA,0,66866819-2012-11-07,1
50,100,79615038,2012,HA1,07/11/2012,F,Adult,0,NA,0,NA,0,79615038-2012-11-07,1
30,0,79778567,2012,HA1,07/11/2012,F,Adult,0,NA,0,NA,0,79778567-2012-11-07,0
30,50,79772013,2012,HA1,07/11/2012,M,Adult,0,NA,0,NA,0,79772013-2012-11-07,0
30,70,66845816,2012,HA1,07/11/2012,F,Adult,0,NA,0,NA,0,66845816-2012-11-07,1
10,30,67265276,2012,HA1,08/11/2012,F,Adult,1,10,0,NA,1,67265276-2012-11-08,0
10,70,67279792,2012,HA1,08/11/2012,M,Adult,0,NA,0,NA,0,67279792-2012-11-08,1
30,50,79623797,2012,HA1,08/11/2012,M,Adult,NA,NA,0,NA,NA,79623797-2012-11-08,0
50,20,67284095,2012,HA1,08/11/2012,M,Adult,0,NA,0,NA,0,67284095-2012-11-08,1
100,10,79792086,2012,HA1,06/11/2012,F,Adult,NA,NA,0,NA,NA,79792086-2012-11-06,0
100,70,79626809,2012,HA1,06/11/2012,M,Adult,NA,NA,0,NA,NA,79626809-2012-11-06,1
100,80,79609832,2012,HA1,06/11/2012,M,Adult,NA,NA,0,NA,NA,79609832-2012-11-06,1
90,90,79638837,2012,HA1,06/11/2012,M,Adult,NA,NA,0,NA,NA,79638837-2012-11-06,0
80,60,79775849,2012,HA1,06/11/2012,F,Adult,NA,NA,0,NA,NA,79775849-2012-11-06,0
80,60,79786569,2012,HA1,06/11/2012,M,Adult,NA,NA,0,NA,NA,79786569-2012-11-06,0
50,0,66828572,2012,HA1,06/11/2012,M,Adult,1,15422.95082,0,NA,0,66828572-2012-11-06,1
100,40,67276819,2012,HA1,07/11/2012,F,Adult,0,NA,0,NA,0,67276819-2012-11-07,1
60,20,66828572,2012,HA1,04/12/2012,M,Adult,0,NA,0,NA,0,66828572-2012-12-04,1
100,100,79783063,2012,HA1,07/11/2012,F,Adult,NA,NA,0,NA,NA,79783063-2012-11-07,0
90,80,79790568,2012,HA1,07/11/2012,M,Adult,0,NA,0,NA,1,79790568-2012-11-07,0
90,80,79776883,2012,HA1,07/11/2012,M,Adult,1,7.142857143,0,NA,0,79776883-2012-11-07,0
20,80,79630010,2012,HA1,07/11/2012,F,Adult,1,733.3333333,0,NA,0,79630010-2012-11-07,0
20,100,67119635,2012,HA1,07/11/2012,M,Adult,0,NA,0,NA,0,67119635-2012-11-07,0
40,80,67080373,2012,HA1,07/11/2012,M,Adult,0,NA,0,NA,0,67080373-2012-11-07,1
100,30,79630354,2012,HA1,08/11/2012,F,Adult,0,NA,1,1540,0,79630354-2012-11-08,1
90,80,66874822,2012,HA1,08/11/2012,M,Adult,0,NA,0,NA,0,66874822-2012-11-08,1
70,60,67276836,2012,HA1,08/11/2012,F,NotAdult,0,NA,0,NA,0,67276836-2012-11-08,0
10,100,79786120,2012,HA1,20/11/2012,F,Adult,0,NA,0,NA,0,79786120-2012-11-20,1
10,90,79639272,2012,HA1,20/11/2012,M,Adult,0,NA,0,NA,0,79639272-2012-11-20,0
10,30,79614576,2012,HA1,20/11/2012,F,Adult,NA,NA,0,NA,NA,79614576-2012-11-20,0
10,30,79789358,2012,HA1,20/11/2012,M,Adult,0,NA,1,3031.578947,1,79789358-2012-11-20,0
10,10,79778567,2012,HA1,20/11/2012,F,Adult,0,NA,0,NA,1,79778567-2012-11-20,0
30,100,67119635,2012,HA1,20/11/2012,NA,NA,0,NA,0,NA,1,67119635-2012-11-20,0
40,20,66808052,2012,HA1,20/11/2012,M,Adult,0,NA,1,231.5789474,0,66808052-2012-11-20,0
0,90,79772013,2012,HA1,21/11/2012,M,Adult,0,NA,0,NA,1,79772013-2012-11-21,0
40,60,79630010,2012,HA1,21/11/2012,F,Adult,0,NA,0,NA,0,79630010-2012-11-21,0
90,60,79623859,2012,HA1,21/11/2012,M,Adult,0,NA,0,NA,0,79623859-2012-11-21,1
100,0,79630354,2012,HA1,04/12/2012,F,Adult,0,NA,0,NA,0,79630354-2012-12-04,1
100,60,67276819,2012,HA1,04/12/2012,F,Adult,0,NA,0,NA,0,67276819-2012-12-04,1
100,90,79790568,2012,HA1,04/12/2012,M,Adult,0,NA,0,NA,1,79790568-2012-12-04,0
100,100,79630529,2012,HA1,04/12/2012,F,Adult,0,NA,0,NA,1,79630529-2012-12-04,1
100,100,66843623,2012,HA1,04/12/2012,M,Adult,0,NA,0,NA,1,66843623-2012-12-04,0
90,10,79792086,2012,HA1,04/12/2012,F,Adult,0,NA,0,NA,1,79792086-2012-12-04,1
80,100,79782524,2012,HA1,04/12/2012,F,Adult,0,NA,0,NA,1,79782524-2012-12-04,0
70,100,79786569,2012,HA1,04/12/2012,M,Adult,0,NA,0,NA,1,79786569-2012-12-04,0
100,20,79792086,2012,HA1,20/11/2012,F,Adult,0,NA,0,NA,0,79792086-2012-11-20,0
90,80,79626809,2012,HA1,20/11/2012,M,Adult,0,NA,1,30720,0,79626809-2012-11-20,1
80,40,79775849,2012,HA1,20/11/2012,F,Adult,0,NA,0,NA,0,79775849-2012-11-20,0
80,100,66867845,2012,HA1,20/11/2012,M,Adult,0,NA,0,NA,0,66867845-2012-11-20,1
70,100,66845816,2012,HA1,20/11/2012,F,Adult,0,NA,1,9386.666667,0,66845816-2012-11-20,1
60,90,79786569,2012,HA1,20/11/2012,M,Adult,0,NA,0,NA,0,79786569-2012-11-20,0
50,90,79615038,2012,HA1,20/11/2012,F,Adult,0,NA,0,NA,0,79615038-2012-11-20,1
50,90,79638784,2012,HA1,20/11/2012,M,Adult,0,NA,0,NA,0,79638784-2012-11-20,1
50,30,66828572,2012,HA1,20/11/2012,M,Adult,0,NA,1,16,0,66828572-2012-11-20,1
100,10,79786093,2012,HA1,21/11/2012,M,Adult,0,NA,0,NA,1,79786093-2012-11-21,1
100,20,79793093,2012,HA1,21/11/2012,M,Adult,0,NA,0,NA,0,79793093-2012-11-21,1
100,30,67276819,2012,HA1,21/11/2012,F,Adult,0,NA,0,NA,1,67276819-2012-11-21,1
100,90,79797884,2012,HA1,21/11/2012,M,Adult,0,NA,1,930.6122449,0,79797884-2012-11-21,0
100,100,79782524,2012,HA1,21/11/2012,F,Adult,1,3.225806452,0,NA,1,79782524-2012-11-21,0
90,80,79776883,2012,HA1,21/11/2012,M,Adult,0,NA,1,63.63636364,0,79776883-2012-11-21,0
90,80,66874822,2012,HA1,21/11/2012,M,Adult,0,NA,1,80336.84211,0,66874822-2012-11-21,1
90,60,79790568,2012,HA1,21/11/2012,M,Adult,0,NA,1,352.3809524,1,79790568-2012-11-21,0
90,80,66843623,2012,HA1,22/11/2012,M,Adult,NA,NA,0,NA,NA,66843623-2012-11-22,0
80,20,79775849,2012,HA1,22/11/2012,NA,NA,0,NA,0,NA,1,79775849-2012-11-22,0
70,60,66867845,2012,HA1,04/12/2012,M,Adult,0,NA,0,NA,0,66867845-2012-12-04,1
40,40,79787584,2012,HA1,05/12/2012,F,Adult,NA,NA,0,NA,NA,79787584-2012-12-05,1
0,0,79785829,2012,HA1,04/12/2012,M,Adult,0,NA,0,NA,0,79785829-2012-12-04,0
0,60,79623797,2012,HA1,04/12/2012,M,Adult,0,NA,0,NA,1,79623797-2012-12-04,0
0,70,67279792,2012,HA1,04/12/2012,M,Adult,0,NA,0,NA,1,67279792-2012-12-04,1
10,100,79786120,2012,HA1,04/12/2012,F,Adult,0,NA,0,NA,0,79786120-2012-12-04,1
10,40,66872112,2012,HA1,04/12/2012,M,Adult,0,NA,0,NA,0,66872112-2012-12-04,0
10,20,79772013,2012,HA1,04/12/2012,M,Adult,0,NA,0,NA,1,79772013-2012-12-04,0
10,20,79614576,2012,HA1,04/12/2012,F,Adult,0,NA,1,143.75,1,79614576-2012-12-04,0
20,70,79630010,2012,HA1,04/12/2012,F,Adult,0,NA,0,NA,1,79630010-2012-12-04,0
40,100,79615038,2012,HA1,04/12/2012,F,Adult,0,NA,1,1421.428571,0,79615038-2012-12-04,1
30,0,79632292,2012,HA1,04/12/2012,M,Adult,0,NA,0,NA,1,79632292-2012-12-04,0
50,40,79625342,2012,HA1,04/12/2012,M,Adult,0,NA,0,NA,1,79625342-2012-12-04,1
50,90,66845816,2012,HA1,04/12/2012,F,Adult,0,NA,0,NA,0,66845816-2012-12-04,1
60,90,79638784,2012,HA1,04/12/2012,M,Adult,0,NA,0,NA,0,79638784-2012-12-04,1
0,10,67296101,2012,HA1,05/12/2012,F,Adult,0,NA,0,NA,1,67296101-2012-12-05,0
0,70,84578597,2012,HA1,05/12/2012,M,Adult,0,NA,0,NA,1,84578597-2012-12-05,1
0,100,79623028,2012,HA1,05/12/2012,M,Adult,0,NA,0,NA,1,79623028-2012-12-05,0
0,100,79783879,2012,HA1,05/12/2012,M,Adult,0,NA,0,NA,1,79783879-2012-12-05,1
10,90,79612792,2012,HA1,05/12/2012,M,Adult,0,NA,1,4447.058824,1,79612792-2012-12-05,0
100,20,79786093,2012,HA1,06/12/2012,M,Adult,0,NA,0,NA,0,79786093-2012-12-06,1
100,80,79627270,2012,HA1,06/12/2012,M,Adult,0,NA,1,16.66666667,1,79627270-2012-12-06,1
100,90,79783063,2012,HA1,06/12/2012,F,Adult,0,NA,0,NA,1,79783063-2012-12-06,0
100,0,66893321,2012,HA1,18/12/2012,M,Adult,0,NA,0,NA,1,66893321-2012-12-18,0
100,20,79792086,2012,HA1,18/12/2012,F,Adult,0,NA,0,NA,1,79792086-2012-12-18,0
100,60,79626809,2012,HA1,18/12/2012,M,Adult,NA,NA,0,NA,NA,79626809-2012-12-18,1
100,100,66874822,2012,HA1,18/12/2012,M,Adult,1,594.8717949,0,NA,0,66874822-2012-12-18,1
90,90,79782524,2012,HA1,18/12/2012,F,Adult,0,NA,1,3.571428571,1,79782524-2012-12-18,0
80,0,79625342,2012,HA1,18/12/2012,M,Adult,0,NA,0,NA,1,79625342-2012-12-18,1
80,80,79776883,2012,HA1,18/12/2012,M,Adult,0,NA,0,NA,1,79776883-2012-12-18,0
70,90,66867845,2012,HA1,18/12/2012,M,Adult,0,NA,0,NA,0,66867845-2012-12-18,1
50,100,79615038,2012,HA1,18/12/2012,F,Adult,0,NA,0,NA,0,79615038-2012-12-18,1
50,90,66845816,2012,HA1,18/12/2012,F,Adult,NA,NA,0,NA,NA,66845816-2012-12-18,1
0,10,67296101,2012,HA1,19/12/2012,F,Adult,0,NA,0,NA,0,67296101-2012-12-19,0
0,20,79623881,2012,HA1,19/12/2012,F,Adult,NA,NA,0,NA,NA,79623881-2012-12-19,0
0,20,79638027,2012,HA1,19/12/2012,M,Adult,NA,NA,0,NA,NA,79638027-2012-12-19,0
0,50,84578597,2012,HA1,19/12/2012,M,Adult,NA,NA,0,NA,NA,84578597-2012-12-19,1
10,90,79774078,2012,HA1,19/12/2012,M,Adult,0,NA,1,19826.08696,1,79774078-2012-12-19,0
10,30,79770817,2012,HA1,19/12/2012,F,Adult,0,NA,0,NA,1,79770817-2012-12-19,0
30,100,79631608,2012,HA1,19/12/2012,F,Adult,0,NA,0,NA,1,79631608-2012-12-19,0
30,70,66845816,2012,HA1,20/12/2012,F,NA,0,NA,0,NA,0,66845816-2012-12-20,0
40,70,67094344,2012,HA1,20/12/2012,M,Adult,NA,NA,0,NA,NA,67094344-2012-12-20,1
50,0,84593844,2012,HA1,20/12/2012,F,Adult,0,NA,1,30.95238095,0,84593844-2012-12-20,1
100,70,79623859,2012,HA1,05/12/2012,M,Adult,0,NA,0,NA,1,79623859-2012-12-05,1
70,90,79776883,2012,HA1,05/12/2012,M,Adult,0,NA,0,NA,1,79776883-2012-12-05,0
70,100,66845816,2012,HA1,05/12/2012,F,Adult,0,NA,0,NA,0,66845816-2012-12-05,1
80,100,66874822,2012,HA1,05/12/2012,M,Adult,0,NA,0,NA,0,66874822-2012-12-05,1
80,60,66893321,2012,HA1,05/12/2012,M,Adult,0,NA,0,NA,1,66893321-2012-12-05,0
50,60,79623859,2012,HA1,20/12/2012,M,Adult,0,NA,0,NA,0,79623859-2012-12-20,1
0,10,67095127,2012,HA1,18/12/2012,M,Adult,0,NA,0,NA,0,67095127-2012-12-18,1
0,50,67279792,2012,HA1,18/12/2012,M,Adult,0,NA,0,NA,0,67279792-2012-12-18,1
0,100,79623028,2012,HA1,18/12/2012,M,Adult,0,NA,0,NA,1,79623028-2012-12-18,0
10,100,52826884,2012,HA1,18/12/2012,M,Adult,0,NA,0,NA,1,52826884-2012-12-18,0
10,90,79623797,2012,HA1,18/12/2012,M,Adult,0,NA,0,NA,1,79623797-2012-12-18,0
10,50,79614576,2012,HA1,18/12/2012,F,Adult,0,NA,0,NA,1,79614576-2012-12-18,0
20,10,79615341,2012,HA1,18/12/2012,M,Adult,0,NA,1,35.29411765,1,79615341-2012-12-18,0
20,50,67123336,2012,HA1,18/12/2012,M,Adult,1,222.2222222,0,NA,1,67123336-2012-12-18,1
30,60,79630010,2012,HA1,18/12/2012,F,Adult,0,NA,0,NA,1,79630010-2012-12-18,0
40,20,66828572,2012,HA1,18/12/2012,M,Adult,0,NA,0,NA,0,66828572-2012-12-18,0
100,20,79793093,2012,HA1,19/12/2012,M,Adult,1,58.82352941,1,92.43697479,0,79793093-2012-12-19,1
100,90,79783063,2012,HA1,19/12/2012,F,Adult,0,NA,0,NA,1,79783063-2012-12-19,0
50,50,79786569,2012,HA1,19/12/2012,M,Adult,0,NA,0,NA,0,79786569-2012-12-19,0
100,100,79627270,2012,HA1,20/12/2012,M,Adult,0,NA,0,NA,0,79627270-2012-12-20,1
80,10,79625618,2012,HA1,20/12/2012,F,Adult,0,NA,0,NA,1,79625618-2012-12-20,0
80,90,67083260,2012,HA1,20/12/2012,M,Adult,0,NA,0,NA,0,67083260-2012-12-20,0
30,0,79786360,2012,HA1,30/08/2012,F,Adult,0,NA,0,NA,0,79786360-2012-08-30,0
40,20,79786360,2012,HA1,12/09/2012,NA,NA,0,NA,0,NA,0,79786360-2012-09-12,0
20,10,79786360,2012,HA1,09/10/2012,F,Adult,0,NA,0,NA,0,79786360-2012-10-09,0
30,20,49811771,2012,HA1,05/07/2012,F,NA,NA,NA,0,NA,NA,49811771-2012-07-05,0
20,20,49811771,2012,HA1,19/07/2012,F,NA,0,NA,0,NA,0,49811771-2012-07-19,0
10,0,49811771,2012,HA1,01/08/2012,F,NA,0,NA,0,NA,1,49811771-2012-08-01,0
30,50,49811771,2012,HA1,15/08/2012,F,NA,0,NA,0,NA,1,49811771-2012-08-15,0
30,20,49811771,2012,HA1,30/08/2012,F,Adult,0,NA,1,31.91489362,0,49811771-2012-08-30,0
30,40,49811771,2012,HA1,12/09/2012,F,NA,0,NA,0,NA,0,49811771-2012-09-12,0
10,60,49811771,2012,HA1,27/09/2012,F,Adult,0,NA,0,NA,0,49811771-2012-09-27,0
30,40,49811771,2012,HA1,28/09/2012,F,NA,0,NA,1,2.43902439,0,49811771-2012-09-28,0
30,60,49827572,2012,HA1,08/06/2012,NA,NA,NA,NA,0,NA,NA,49827572-2012-06-08,0
70,90,79786569,2012,HA1,11/10/2012,M,NA,1,860,0,NA,0,79786569-2012-10-11,0
40,20,49829569,2012,HA1,19/06/2012,F,Adult,0,NA,0,NA,1,49829569-2012-06-19,0
70,50,79786569,2012,HA1,24/10/2012,M,NA,0,NA,0,NA,0,79786569-2012-10-24,0
70,60,79786569,2012,HA1,07/11/2012,M,NA,1,1983.333333,0,NA,0,79786569-2012-11-07,0
60,30,79786569,2012,HA1,08/11/2012,M,NA,NA,NA,0,NA,NA,79786569-2012-11-08,0
10,90,49847790,2012,HA1,07/06/2012,NA,NA,0,NA,0,NA,1,49847790-2012-06-07,0
0,100,49847790,2012,HA1,05/07/2012,NA,NA,NA,NA,0,NA,NA,49847790-2012-07-05,0
10,100,52826884,2012,HA1,20/12/2012,NA,NA,0,NA,0,NA,1,52826884-2012-12-20,0
90,90,79790568,2012,HA1,28/09/2012,NA,NA,0,NA,1,638.2022472,1,79790568-2012-09-28,0
70,70,52842550,2012,HA1,08/06/2012,NA,NA,NA,NA,0,NA,NA,52842550-2012-06-08,0
30,70,52842550,2012,HA1,21/06/2012,NA,NA,0,NA,0,NA,1,52842550-2012-06-21,0
70,60,52842550,2012,HA1,04/07/2012,NA,NA,0,NA,0,NA,0,52842550-2012-07-04,0
70,90,52842550,2012,HA1,01/08/2012,NA,NA,1,35.71428571,0,NA,1,52842550-2012-08-01,0
80,100,52842550,2012,HA1,02/08/2012,NA,NA,0,NA,0,NA,1,52842550-2012-08-02,0
70,60,52842550,2012,HA1,16/08/2012,NA,NA,0,NA,0,NA,0,52842550-2012-08-16,0
50,100,52842550,2012,HA1,29/08/2012,NA,NA,0,NA,0,NA,1,52842550-2012-08-29,0
0,10,66808052,2012,HA1,10/10/2012,M,NA,0,NA,0,NA,0,66808052-2012-10-10,0
20,20,66808052,2012,HA1,24/10/2012,M,NA,0,NA,0,NA,0,66808052-2012-10-24,0
10,20,66808052,2012,HA1,08/11/2012,M,NA,0,NA,0,NA,0,66808052-2012-11-08,0
20,20,66808052,2012,HA1,22/11/2012,M,NA,NA,NA,0,NA,NA,66808052-2012-11-22,0
80,0,66809616,2012,HA1,01/08/2012,NA,NA,0,NA,0,NA,0,66809616-2012-08-01,0
90,60,66810112,2012,HA1,25/09/2012,NA,NA,0,NA,0,NA,0,66810112-2012-09-25,0
80,60,66810112,2012,HA1,28/09/2012,M,NA,NA,NA,0,NA,NA,66810112-2012-09-28,0
0,100,66810301,2012,HA1,11/09/2012,M,NA,0,NA,0,NA,0,66810301-2012-09-11,0
70,10,66810776,2012,HA1,01/08/2012,NA,NA,0,NA,0,NA,1,66810776-2012-08-01,0
70,90,66810776,2012,HA1,29/08/2012,NA,NA,0,NA,0,NA,0,66810776-2012-08-29,0
100,90,66815612,2012,HA1,15/08/2012,F,Adult,1,5082.352941,0,NA,0,66815612-2012-08-15,0
10,80,66818332,2012,HA1,12/09/2012,NA,NA,0,NA,0,NA,0,66818332-2012-09-12,0
10,70,66818332,2012,HA1,25/09/2012,NA,NA,0,NA,1,9.302325581,0,66818332-2012-09-25,0
0,30,66821017,2012,HA1,10/10/2012,NA,NA,0,NA,0,NA,0,66821017-2012-10-10,0
0,20,79797793,2012,HA1,13/09/2012,F,Adult,0,NA,0,NA,0,79797793-2012-09-13,0
100,10,66828572,2012,HA1,25/09/2012,M,NA,NA,NA,0,NA,NA,66828572-2012-09-25,0
40,20,66828572,2012,HA1,24/10/2012,M,NA,0,NA,0,NA,0,66828572-2012-10-24,1
40,10,66828572,2012,HA1,21/11/2012,M,NA,0,NA,0,NA,0,66828572-2012-11-21,0
60,10,66828572,2012,HA1,22/11/2012,M,NA,0,NA,0,NA,0,66828572-2012-11-22,0
40,10,66828572,2012,HA1,05/12/2012,M,NA,NA,NA,0,NA,NA,66828572-2012-12-05,0
30,20,66828572,2012,HA1,19/12/2012,M,NA,0,NA,0,NA,0,66828572-2012-12-19,0
40,30,66828572,2012,HA1,20/12/2012,M,NA,NA,NA,0,NA,NA,66828572-2012-12-20,0
80,60,66843623,2012,HA1,16/08/2012,M,NA,0,NA,1,644.4444444,0,66843623-2012-08-16,0
100,90,66843623,2012,HA1,25/10/2012,M,NA,0,NA,0,NA,1,66843623-2012-10-25,1
100,100,66843623,2012,HA1,05/12/2012,M,NA,NA,NA,0,NA,NA,66843623-2012-12-05,0
50,100,66845816,2012,HA1,27/09/2012,F,NA,0,NA,0,NA,0,66845816-2012-09-27,1
50,90,66845816,2012,HA1,28/09/2012,F,NA,NA,NA,0,NA,NA,66845816-2012-09-28,1
60,90,66845816,2012,HA1,09/10/2012,F,Adult,0,NA,0,NA,0,66845816-2012-10-09,1
50,80,66845816,2012,HA1,24/10/2012,F,NA,1,9542.857143,0,NA,0,66845816-2012-10-24,1
40,90,66845816,2012,HA1,25/10/2012,F,NA,0,NA,1,300,0,66845816-2012-10-25,0
60,70,66845816,2012,HA1,21/11/2012,F,NA,0,NA,1,1516.129032,0,66845816-2012-11-21,0
60,90,66845816,2012,HA1,06/12/2012,F,NA,0,NA,0,NA,0,66845816-2012-12-06,0
50,70,66845816,2012,HA1,19/12/2012,F,NA,0,NA,0,NA,0,66845816-2012-12-19,0
40,70,NA,2012,HA1,11/09/2012,M,NA,NA,NA,0,NA,NA,NA-2012-09-11,0
0,100,66853619,2012,HA1,12/09/2012,NA,NA,0,NA,0,NA,0,66853619-2012-09-12,0
10,90,66853619,2012,HA1,27/09/2012,M,Adult,0,NA,0,NA,0,66853619-2012-09-27,1
0,80,66853619,2012,HA1,28/09/2012,NA,NA,0,NA,0,NA,0,66853619-2012-09-28,0
90,0,NA,2012,HA1,25/09/2012,NA,NA,NA,NA,0,NA,NA,NA-2012-09-25,0
80,90,NA,2012,HA1,25/09/2012,NA,NA,NA,NA,0,NA,NA,NA-2012-09-25,0
90,20,NA,2012,HA1,25/09/2012,NA,NA,NA,NA,0,NA,NA,NA-2012-09-25,0
90,80,NA,2012,HA1,25/09/2012,NA,NA,NA,NA,0,NA,NA,NA-2012-09-25,0
100,10,NA,2012,HA1,25/09/2012,NA,NA,NA,NA,0,NA,NA,NA-2012-09-25,0
100,20,NA,2012,HA1,25/09/2012,NA,NA,NA,NA,0,NA,NA,NA-2012-09-25,0
20,100,NA,2012,HA1,28/09/2012,F,NA,NA,NA,0,NA,NA,NA-2012-09-28,0
10,50,66855330,2012,HA1,06/06/2012,M,Adult,0,NA,0,NA,0,66855330-2012-06-06,0
10,30,66855330,2012,HA1,04/07/2012,NA,NA,0,NA,0,NA,0,66855330-2012-07-04,1
30,0,66855330,2012,HA1,05/07/2012,NA,NA,0,NA,0,NA,0,66855330-2012-07-05,1
100,20,66855330,2012,HA1,19/07/2012,M,Adult,0,NA,0,NA,0,66855330-2012-07-19,1
70,50,66855330,2012,HA1,31/07/2012,M,Adult,0,NA,0,NA,1,66855330-2012-07-31,1
100,20,66855330,2012,HA1,01/08/2012,NA,NA,0,NA,0,NA,1,66855330-2012-08-01,1
100,20,66855330,2012,HA1,02/08/2012,NA,NA,0,NA,0,NA,0,66855330-2012-08-02,1
100,80,66855330,2012,HA1,14/08/2012,M,Adult,0,NA,0,NA,0,66855330-2012-08-14,1
10,30,66855330,2012,HA1,15/08/2012,M,Adult,0,NA,0,NA,0,66855330-2012-08-15,1
100,10,NA,2012,HA1,09/10/2012,M,Adult,NA,NA,0,NA,NA,NA-2012-10-09,0
100,30,66855566,2012,HA1,08/06/2012,NA,NA,0,NA,1,1274.285714,0,66855566-2012-06-08,0
80,100,66855566,2012,HA1,15/08/2012,NA,NA,NA,NA,0,NA,NA,66855566-2012-08-15,0
0,50,66859820,2012,HA1,02/08/2012,NA,NA,0,NA,0,NA,1,66859820-2012-08-02,0
40,60,66859820,2012,HA1,30/08/2012,M,Adult,0,NA,0,NA,1,66859820-2012-08-30,0
40,60,66859820,2012,HA1,12/09/2012,NA,NA,0,NA,0,NA,0,66859820-2012-09-12,0
10,100,66859820,2012,HA1,13/09/2012,NA,NA,NA,NA,0,NA,NA,66859820-2012-09-13,0
0,100,NA,2012,HA1,04/12/2012,NA,NA,0,NA,0,NA,1,NA-2012-12-04,0
100,10,NA,2012,HA1,18/12/2012,NA,NA,NA,NA,0,NA,NA,NA-2012-12-18,0
30,70,66865371,2012,HA1,08/06/2012,NA,NA,0,NA,0,NA,1,66865371-2012-06-08,0
0,30,66865371,2012,HA1,20/06/2012,NA,NA,0,NA,0,NA,0,66865371-2012-06-20,0
0,10,66865371,2012,HA1,21/06/2012,NA,NA,0,NA,0,NA,0,66865371-2012-06-21,0
80,90,66866525,2012,HA1,08/06/2012,M,Adult,0,NA,1,9200,1,66866525-2012-06-08,0
60,20,66866543,2012,HA1,28/09/2012,NA,NA,0,NA,0,NA,0,66866543-2012-09-28,0
50,40,66866819,2012,HA1,25/10/2012,NA,NA,0,NA,0,NA,0,66866819-2012-10-25,0
80,40,66866819,2012,HA1,08/11/2012,NA,NA,0,NA,0,NA,0,66866819-2012-11-08,0
0,50,66867586,2012,HA1,28/09/2012,NA,NA,0,NA,0,NA,1,66867586-2012-09-28,0
10,60,66867586,2012,HA1,11/10/2012,NA,NA,NA,NA,0,NA,NA,66867586-2012-10-11,0
70,80,66867845,2012,HA1,10/10/2012,NA,NA,1,311.1111111,0,NA,0,66867845-2012-10-10,0
70,80,66867845,2012,HA1,25/10/2012,NA,NA,0,NA,0,NA,0,66867845-2012-10-25,0
70,90,66867845,2012,HA1,08/11/2012,NA,NA,0,NA,0,NA,0,66867845-2012-11-08,0
50,100,66867845,2012,HA1,21/11/2012,NA,NA,0,NA,0,NA,0,66867845-2012-11-21,0
80,70,66867845,2012,HA1,19/12/2012,NA,NA,0,NA,0,NA,0,66867845-2012-12-19,0
70,90,66867845,2012,HA1,20/12/2012,NA,NA,0,NA,0,NA,0,66867845-2012-12-20,0
60,90,66869343,2012,HA1,25/09/2012,NA,NA,0,NA,0,NA,0,66869343-2012-09-25,0
0,60,66872112,2012,HA1,10/10/2012,NA,NA,0,NA,0,NA,1,66872112-2012-10-10,0
0,50,66872112,2012,HA1,11/10/2012,NA,NA,NA,NA,0,NA,NA,66872112-2012-10-11,0
0,40,66872112,2012,HA1,24/10/2012,NA,NA,0,NA,0,NA,0,66872112-2012-10-24,0
10,70,66872112,2012,HA1,21/11/2012,NA,NA,0,NA,0,NA,0,66872112-2012-11-21,0
10,50,66872112,2012,HA1,05/12/2012,NA,NA,0,NA,0,NA,0,66872112-2012-12-05,0
20,50,66872112,2012,HA1,06/12/2012,NA,NA,0,NA,0,NA,1,66872112-2012-12-06,0
80,100,66874822,2012,HA1,19/12/2012,NA,NA,0,NA,0,NA,0,66874822-2012-12-19,1
30,0,66877366,2012,HA1,25/09/2012,M,NotAdult,0,NA,0,NA,0,66877366-2012-09-25,1
0,0,66877366,2012,HA1,27/09/2012,NA,NA,0,NA,0,NA,0,66877366-2012-09-27,0
0,70,66878317,2012,HA1,28/09/2012,NA,NA,0,NA,0,NA,0,66878317-2012-09-28,1
10,90,66878317,2012,HA1,10/10/2012,NA,NA,0,NA,0,NA,0,66878317-2012-10-10,0
10,70,66878317,2012,HA1,25/10/2012,NA,NA,0,NA,1,10080,0,66878317-2012-10-25,1
20,70,66878317,2012,HA1,08/11/2012,NA,NA,0,NA,0,NA,0,66878317-2012-11-08,0
90,70,66878865,2012,HA1,20/06/2012,NA,NA,0,NA,0,NA,0,66878865-2012-06-20,0
50,0,66878865,2012,HA1,04/07/2012,NA,NA,0,NA,0,NA,0,66878865-2012-07-04,0
100,30,66878865,2012,HA1,01/08/2012,NA,NA,0,NA,0,NA,0,66878865-2012-08-01,0
100,10,66878865,2012,HA1,02/08/2012,NA,NA,0,NA,0,NA,0,66878865-2012-08-02,0
90,30,66878865,2012,HA1,16/08/2012,NA,NA,0,NA,0,NA,0,66878865-2012-08-16,0
30,100,66879360,2012,HA1,25/09/2012,F,NotAdult,1,88,1,4,0,66879360-2012-09-25,0
40,100,66881074,2012,HA1,27/09/2012,NA,NA,0,NA,0,NA,0,66881074-2012-09-27,1
0,0,66882554,2012,HA1,07/06/2012,NA,NA,0,NA,1,3520,0,66882554-2012-06-07,0
70,100,66883112,2012,HA1,08/06/2012,NA,NA,0,NA,0,NA,1,66883112-2012-06-08,0
80,80,66883112,2012,HA1,08/06/2012,NA,NA,0,NA,0,NA,0,66883112-2012-06-08,0
30,0,66889018,2012,HA1,04/07/2012,NA,NA,0,NA,0,NA,0,66889018-2012-07-04,1
0,20,66889018,2012,HA1,05/07/2012,NA,NA,NA,NA,0,NA,NA,66889018-2012-07-05,1
0,10,66889018,2012,HA1,01/08/2012,NA,NA,0,NA,0,NA,0,66889018-2012-08-01,1
0,10,66889018,2012,HA1,02/08/2012,NA,NA,0,NA,0,NA,0,66889018-2012-08-02,1
10,30,66889018,2012,HA1,05/12/2012,F,Adult,NA,NA,0,NA,NA,66889018-2012-12-05,1
10,60,66890033,2012,HA1,07/06/2012,F,NA,0,NA,0,NA,1,66890033-2012-06-07,0
0,60,66890033,2012,HA1,08/06/2012,F,NA,0,NA,0,NA,1,66890033-2012-06-08,0
20,60,66890033,2012,HA1,20/06/2012,F,NA,0,NA,0,NA,1,66890033-2012-06-20,0
0,40,66890033,2012,HA1,04/07/2012,F,NA,0,NA,0,NA,0,66890033-2012-07-04,0
0,0,66890033,2012,HA1,18/07/2012,F,NA,0,NA,0,NA,0,66890033-2012-07-18,0
10,60,66890033,2012,HA1,31/07/2012,F,Adult,1,900,0,NA,0,66890033-2012-07-31,1
10,30,66890033,2012,HA1,01/08/2012,F,NA,1,340,0,NA,0,66890033-2012-08-01,0
10,70,66890033,2012,HA1,02/08/2012,F,NA,0,NA,0,NA,0,66890033-2012-08-02,1
0,40,66890033,2012,HA1,14/08/2012,F,Adult,NA,NA,0,NA,NA,66890033-2012-08-14,1
10,50,66890033,2012,HA1,15/08/2012,F,NA,0,NA,0,NA,0,66890033-2012-08-15,1
20,50,66890033,2012,HA1,28/08/2012,F,Adult,0,NA,0,NA,0,66890033-2012-08-28,1
10,80,66890033,2012,HA1,29/08/2012,F,Adult,NA,NA,0,NA,NA,66890033-2012-08-29,1
10,60,66890033,2012,HA1,30/08/2012,F,NA,0,NA,1,3.125,0,66890033-2012-08-30,0
100,10,66891022,2012,HA1,08/06/2012,NA,NA,1,414.2857143,1,1035.714286,1,66891022-2012-06-08,0
60,70,66893321,2012,HA1,27/09/2012,M,Adult,0,NA,0,NA,0,66893321-2012-09-27,0
70,70,66893321,2012,HA1,28/09/2012,NA,NA,0,NA,0,NA,0,66893321-2012-09-28,0
90,0,66893321,2012,HA1,20/12/2012,NA,NA,0,NA,0,NA,1,66893321-2012-12-20,0
0,30,66980033,2012,HA1,05/07/2012,NA,NA,0,NA,0,NA,1,66980033-2012-07-05,0
50,60,67001638,2012,HA1,07/06/2012,NA,NA,0,NA,0,NA,1,67001638-2012-06-07,0
20,0,67002542,2012,HA1,01/08/2012,NA,NA,0,NA,0,NA,0,67002542-2012-08-01,1
10,30,67002542,2012,HA1,29/08/2012,M,Adult,NA,NA,0,NA,NA,67002542-2012-08-29,1
0,10,67002542,2012,HA1,12/09/2012,M,NA,0,NA,0,NA,0,67002542-2012-09-12,1
0,60,67006795,2012,HA1,28/09/2012,NA,NA,0,NA,0,NA,0,67006795-2012-09-28,0
20,30,67006795,2012,HA1,10/10/2012,NA,NA,1,6600,0,NA,0,67006795-2012-10-10,0
20,50,67007859,2012,HA1,19/06/2012,NA,NA,NA,NA,0,NA,NA,67007859-2012-06-19,0
20,40,67007859,2012,HA1,20/06/2012,NA,NA,1,675.4098361,0,NA,0,67007859-2012-06-20,1
0,20,67007859,2012,HA1,17/07/2012,F,Adult,0,NA,0,NA,0,67007859-2012-07-17,1
10,30,67007859,2012,HA1,31/07/2012,NA,NA,0,NA,0,NA,0,67007859-2012-07-31,0
0,20,67010260,2012,HA1,28/09/2012,NA,NA,0,NA,0,NA,0,67010260-2012-09-28,0
40,10,67069635,2012,HA1,24/10/2012,F,NA,NA,NA,0,NA,NA,67069635-2012-10-24,0
30,0,67069635,2012,HA1,25/10/2012,NA,NA,0,NA,0,NA,0,67069635-2012-10-25,0
10,90,67070550,2012,HA1,01/08/2012,NA,NA,0,NA,0,NA,0,67070550-2012-08-01,1
50,40,67070550,2012,HA1,02/08/2012,NA,NA,0,NA,0,NA,0,67070550-2012-08-02,1
10,90,67070550,2012,HA1,15/08/2012,NA,NA,1,35.71428571,1,28.57142857,0,67070550-2012-08-15,1
20,70,67070550,2012,HA1,16/08/2012,NA,NA,0,NA,0,NA,0,67070550-2012-08-16,1
20,100,67070550,2012,HA1,29/08/2012,NA,NA,0,NA,0,NA,0,67070550-2012-08-29,0
60,80,67071772,2012,HA1,13/09/2012,M,Adult,0,NA,0,NA,0,67071772-2012-09-13,1
10,70,67074851,2012,HA1,15/08/2012,M,NA,0,NA,1,272.7272727,1,67074851-2012-08-15,1
10,60,67074851,2012,HA1,16/08/2012,M,NA,0,NA,1,10.34482759,1,67074851-2012-08-16,1
20,80,67074851,2012,HA1,29/08/2012,M,Adult,0,NA,0,NA,0,67074851-2012-08-29,1
0,80,67074851,2012,HA1,30/08/2012,M,NA,0,NA,0,NA,0,67074851-2012-08-30,1
20,70,67074851,2012,HA1,11/09/2012,M,NA,0,NA,1,8000,0,67074851-2012-09-11,1
0,70,67074851,2012,HA1,13/09/2012,M,NA,1,10.41666667,1,91.66666667,0,67074851-2012-09-13,0
20,40,67075638,2012,HA1,25/10/2012,NA,NA,NA,NA,0,NA,NA,67075638-2012-10-25,0
50,40,67078537,2012,HA1,05/12/2012,M,Adult,0,NA,0,NA,1,67078537-2012-12-05,0
10,20,67078537,2012,HA1,18/12/2012,M,Adult,0,NA,0,NA,1,67078537-2012-12-18,0
20,70,67078537,2012,HA1,19/12/2012,NA,NA,0,NA,0,NA,1,67078537-2012-12-19,0
40,20,67078537,2012,HA1,20/12/2012,NA,NA,0,NA,0,NA,1,67078537-2012-12-20,0
90,60,67078627,2012,HA1,27/09/2012,F,Adult,0,NA,0,NA,0,67078627-2012-09-27,1
80,50,67078627,2012,HA1,10/10/2012,NA,NA,NA,NA,0,NA,NA,67078627-2012-10-10,0
80,20,67079854,2012,HA1,27/09/2012,NA,NA,0,NA,0,NA,0,67079854-2012-09-27,1
70,0,67079854,2012,HA1,28/09/2012,NA,NA,0,NA,0,NA,0,67079854-2012-09-28,1
40,40,67079854,2012,HA1,10/10/2012,NA,NA,0,NA,0,NA,0,67079854-2012-10-10,1
60,20,67079854,2012,HA1,11/10/2012,NA,NA,0,NA,0,NA,0,67079854-2012-10-11,1
40,100,67080373,2012,HA1,30/08/2012,M,Adult,0,NA,0,NA,1,67080373-2012-08-30,1
70,90,67080373,2012,HA1,27/09/2012,NA,NA,0,NA,0,NA,0,67080373-2012-09-27,1
50,60,67080373,2012,HA1,28/09/2012,NA,NA,1,369.047619,0,NA,1,67080373-2012-09-28,1
50,60,67080373,2012,HA1,25/10/2012,NA,NA,0,NA,1,1226.086957,0,67080373-2012-10-25,1
0,20,67083005,2012,HA1,27/09/2012,NA,NA,1,135.7142857,0,NA,0,67083005-2012-09-27,0
100,90,67086558,2012,HA1,24/10/2012,F,Adult,0,NA,0,NA,0,67086558-2012-10-24,1
80,90,67088045,2012,HA1,01/08/2012,NA,NA,0,NA,0,NA,0,67088045-2012-08-01,0
100,100,67088327,2012,HA1,08/11/2012,F,Adult,0,NA,0,NA,0,67088327-2012-11-08,0
50,30,67088367,2012,HA1,25/10/2012,NA,NA,0,NA,0,NA,0,67088367-2012-10-25,0
20,60,67088839,2012,HA1,24/10/2012,NA,NA,0,NA,1,11377.77778,0,67088839-2012-10-24,0
40,80,67089554,2012,HA1,27/09/2012,NA,NA,0,NA,1,370.3703704,0,67089554-2012-09-27,0
30,80,67089554,2012,HA1,28/09/2012,NA,NA,NA,NA,0,NA,NA,67089554-2012-09-28,0
30,100,67089554,2012,HA1,10/10/2012,NA,NA,NA,NA,0,NA,NA,67089554-2012-10-10,0
20,20,67091302,2012,HA1,01/08/2012,NA,NA,0,NA,0,NA,0,67091302-2012-08-01,0
30,10,67091302,2012,HA1,02/08/2012,NA,NA,0,NA,0,NA,0,67091302-2012-08-02,0
30,20,67091302,2012,HA1,30/08/2012,NA,NA,0,NA,0,NA,0,67091302-2012-08-30,0
10,20,67091302,2012,HA1,12/09/2012,NA,NA,0,NA,0,NA,0,67091302-2012-09-12,0
20,30,67091302,2012,HA1,27/09/2012,NA,NA,0,NA,0,NA,0,67091302-2012-09-27,0
0,30,67091302,2012,HA1,28/09/2012,NA,NA,0,NA,0,NA,0,67091302-2012-09-28,0
20,10,67091307,2012,HA1,29/08/2012,NA,NA,1,11.11111111,1,11.11111111,0,67091307-2012-08-29,0
10,80,67094099,2012,HA1,18/07/2012,NA,NA,1,586.6666667,1,40,0,67094099-2012-07-18,0
90,70,67094099,2012,HA1,19/07/2012,NA,NA,1,13.33333333,0,NA,0,67094099-2012-07-19,0
80,60,67094099,2012,HA1,15/08/2012,NA,NA,NA,NA,0,NA,NA,67094099-2012-08-15,0
30,100,67094344,2012,HA1,05/12/2012,M,Adult,NA,NA,0,NA,NA,67094344-2012-12-05,1
10,0,67095127,2012,HA1,07/11/2012,NA,NA,0,NA,0,NA,0,67095127-2012-11-07,1
10,0,67095127,2012,HA1,19/12/2012,NA,NA,1,67.56756757,1,208.1081081,0,67095127-2012-12-19,1
10,0,67095127,2012,HA1,20/12/2012,NA,NA,1,5.063291139,1,7.594936709,0,67095127-2012-12-20,1
10,90,67095515,2012,HA1,05/07/2012,NA,NA,0,NA,0,NA,0,67095515-2012-07-05,1
80,0,67120021,2012,HA1,08/11/2012,NA,NA,0,NA,0,NA,0,67120021-2012-11-08,0
20,50,67123336,2012,HA1,20/12/2012,NA,NA,1,13.95348837,0,NA,0,67123336-2012-12-20,1
70,10,67125021,2012,HA1,21/06/2012,M,NA,NA,NA,0,NA,NA,67125021-2012-06-21,0
30,100,67125021,2012,HA1,04/07/2012,M,NA,0,NA,0,NA,0,67125021-2012-07-04,0
80,70,67125021,2012,HA1,05/07/2012,M,NA,0,NA,0,NA,0,67125021-2012-07-05,0
20,50,67125021,2012,HA1,01/08/2012,M,NA,0,NA,0,NA,0,67125021-2012-08-01,0
80,0,67125021,2012,HA1,16/08/2012,M,NA,0,NA,0,NA,0,67125021-2012-08-16,0
50,40,67125021,2012,HA1,28/08/2012,M,Adult,0,NA,1,33.33333333,0,67125021-2012-08-28,0
50,30,67125021,2012,HA1,30/08/2012,M,Adult,0,NA,0,NA,1,67125021-2012-08-30,0
50,20,67125021,2012,HA1,11/09/2012,M,Adult,0,NA,0,NA,1,67125021-2012-09-11,0
30,40,67125021,2012,HA1,25/09/2012,M,Adult,NA,NA,0,NA,NA,67125021-2012-09-25,0
0,20,67125021,2012,HA1,27/09/2012,M,NA,0,NA,0,NA,0,67125021-2012-09-27,0
30,50,67125021,2012,HA1,28/09/2012,M,NA,0,NA,0,NA,0,67125021-2012-09-28,0
10,30,67125021,2012,HA1,09/10/2012,M,Adult,0,NA,1,56160,0,67125021-2012-10-09,0
40,30,67125021,2012,HA1,10/10/2012,M,NA,0,NA,1,9.090909091,0,67125021-2012-10-10,0
30,40,67125021,2012,HA1,11/10/2012,M,NA,0,NA,0,NA,0,67125021-2012-10-11,0
30,40,67125021,2012,HA1,23/10/2012,M,Adult,0,NA,0,NA,0,67125021-2012-10-23,0
10,20,67125021,2012,HA1,24/10/2012,M,NA,0,NA,0,NA,0,67125021-2012-10-24,0
20,20,67125021,2012,HA1,25/10/2012,M,NA,0,NA,0,NA,0,67125021-2012-10-25,0
20,50,67125021,2012,HA1,07/11/2012,M,Adult,0,NA,0,NA,0,67125021-2012-11-07,0
20,50,67125021,2012,HA1,20/11/2012,M,Adult,0,NA,0,NA,0,67125021-2012-11-20,0
20,20,67125021,2012,HA1,04/12/2012,M,Adult,0,NA,0,NA,0,67125021-2012-12-04,0
20,40,67125021,2012,HA1,05/12/2012,NA,NA,0,NA,0,NA,0,67125021-2012-12-05,0
100,30,67259597,2012,HA1,20/06/2012,NA,NA,0,NA,0,NA,0,67259597-2012-06-20,0
100,30,67259597,2012,HA1,21/06/2012,NA,NA,0,NA,0,NA,1,67259597-2012-06-21,0
100,10,67259597,2012,HA1,14/08/2012,F,Adult,0,NA,1,151.3513514,0,67259597-2012-08-14,0
100,20,67276819,2012,HA1,06/12/2012,NA,NA,0,NA,1,9536.842105,0,67276819-2012-12-06,0
100,50,67276819,2012,HA1,18/12/2012,F,Adult,0,NA,0,NA,0,67276819-2012-12-18,1
100,30,67276819,2012,HA1,19/12/2012,NA,NA,0,NA,0,NA,0,67276819-2012-12-19,0
0,0,67279086,2012,HA1,20/06/2012,NA,NA,0,NA,0,NA,1,67279086-2012-06-20,1
80,70,67279792,2012,HA1,05/07/2012,NA,NA,0,NA,0,NA,0,67279792-2012-07-05,1
10,70,67279792,2012,HA1,12/09/2012,NA,NA,0,NA,1,23.07692308,0,67279792-2012-09-12,1
30,40,67279792,2012,HA1,13/09/2012,NA,NA,0,NA,0,NA,0,67279792-2012-09-13,1
0,90,67279792,2012,HA1,05/12/2012,NA,NA,0,NA,0,NA,1,67279792-2012-12-05,1
80,100,79609626,2012,HA1,07/11/2012,M,Adult,0,NA,0,NA,0,79609626-2012-11-07,1
80,100,79609626,2012,HA1,08/11/2012,NA,NA,0,NA,0,NA,0,79609626-2012-11-08,0
100,100,79609626,2012,HA1,05/12/2012,NA,NA,NA,NA,0,NA,NA,79609626-2012-12-05,0
100,10,79609832,2012,HA1,28/09/2012,M,Adult,1,258.6666667,0,NA,1,79609832-2012-09-28,1
90,40,79609832,2012,HA1,10/10/2012,NA,NA,0,NA,0,NA,0,79609832-2012-10-10,0
100,40,79609832,2012,HA1,11/10/2012,NA,NA,0,NA,0,NA,0,79609832-2012-10-11,0
100,30,79609832,2012,HA1,24/10/2012,M,NA,0,NA,0,NA,0,79609832-2012-10-24,1
100,30,79609832,2012,HA1,25/10/2012,NA,NA,0,NA,0,NA,0,79609832-2012-10-25,1
80,30,79609832,2012,HA1,08/11/2012,NA,NA,0,NA,0,NA,0,79609832-2012-11-08,0
100,60,79609832,2012,HA1,20/11/2012,M,Adult,0,NA,0,NA,0,79609832-2012-11-20,1
100,70,79609832,2012,HA1,21/11/2012,NA,NA,0,NA,0,NA,0,79609832-2012-11-21,0
70,50,79609832,2012,HA1,04/12/2012,M,Adult,0,NA,0,NA,0,79609832-2012-12-04,1
100,50,79609832,2012,HA1,18/12/2012,M,Adult,0,NA,0,NA,0,79609832-2012-12-18,1
0,90,79610290,2012,HA1,29/08/2012,M,Adult,1,291.6666667,0,NA,0,79610290-2012-08-29,1
0,100,79610290,2012,HA1,30/08/2012,NA,NA,0,NA,0,NA,0,79610290-2012-08-30,0
10,80,79613350,2012,HA1,30/08/2012,M,Adult,0,NA,1,16.66666667,0,79613350-2012-08-30,1
70,50,79613616,2012,HA1,10/10/2012,F,Adult,1,13200,0,NA,0,79613616-2012-10-10,0
60,60,79613616,2012,HA1,11/10/2012,NA,NA,1,36.58536585,1,7.317073171,0,79613616-2012-10-11,0
0,30,79614576,2012,HA1,22/11/2012,NA,NA,0,NA,1,8.695652174,1,79614576-2012-11-22,0
10,40,79614576,2012,HA1,05/12/2012,NA,NA,0,NA,0,NA,1,79614576-2012-12-05,0
10,20,79614576,2012,HA1,19/12/2012,NA,NA,0,NA,0,NA,1,79614576-2012-12-19,0
50,100,79615038,2012,HA1,24/10/2012,NA,NA,1,28.57142857,0,NA,0,79615038-2012-10-24,1
70,100,79615038,2012,HA1,25/10/2012,NA,NA,NA,NA,0,NA,NA,79615038-2012-10-25,0
60,100,79615038,2012,HA1,21/11/2012,NA,NA,0,NA,0,NA,0,79615038-2012-11-21,1
30,90,79615038,2012,HA1,06/12/2012,NA,NA,0,NA,0,NA,0,79615038-2012-12-06,1
60,100,79615038,2012,HA1,20/12/2012,NA,NA,0,NA,0,NA,0,79615038-2012-12-20,0
20,0,79615341,2012,HA1,05/12/2012,M,Adult,0,NA,1,87.5,1,79615341-2012-12-05,0
0,10,79615341,2012,HA1,06/12/2012,NA,NA,0,NA,1,164,1,79615341-2012-12-06,0
10,10,79615341,2012,HA1,20/12/2012,NA,NA,NA,NA,0,NA,NA,79615341-2012-12-20,0
100,10,79617035,2012,HA1,10/10/2012,NA,NA,1,41.66666667,0,NA,0,79617035-2012-10-10,0
100,0,79617035,2012,HA1,11/10/2012,NA,NA,0,NA,0,NA,0,79617035-2012-10-11,0
50,40,79618812,2012,HA1,15/08/2012,NA,NA,0,NA,1,23236.36364,0,79618812-2012-08-15,0
90,70,79618812,2012,HA1,29/08/2012,M,Adult,1,11845.16129,0,NA,1,79618812-2012-08-29,0
70,60,79618812,2012,HA1,30/08/2012,M,Adult,1,131.884058,0,NA,1,79618812-2012-08-30,0
50,30,79618812,2012,HA1,12/09/2012,NA,NA,0,NA,0,NA,1,79618812-2012-09-12,0
40,40,79618812,2012,HA1,13/09/2012,NA,NA,0,NA,1,20.83333333,0,79618812-2012-09-13,0
60,40,79618812,2012,HA1,27/09/2012,M,Adult,0,NA,0,NA,1,79618812-2012-09-27,0
40,30,79618812,2012,HA1,28/09/2012,NA,NA,0,NA,0,NA,1,79618812-2012-09-28,0
0,0,79619551,2012,HA1,23/10/2012,M,Adult,0,NA,0,NA,0,79619551-2012-10-23,1
0,20,79619551,2012,HA1,06/11/2012,NA,NA,NA,NA,0,NA,NA,79619551-2012-11-06,0
90,50,79622601,2012,HA1,10/10/2012,M,Adult,0,NA,0,NA,1,79622601-2012-10-10,1
60,70,79622601,2012,HA1,11/10/2012,NA,NA,0,NA,0,NA,1,79622601-2012-10-11,0
100,80,79623113,2012,HA1,11/09/2012,F,Adult,0,NA,0,NA,0,79623113-2012-09-11,0
10,90,79623797,2012,HA1,24/10/2012,M,NA,0,NA,0,NA,0,79623797-2012-10-24,0
10,70,79623797,2012,HA1,25/10/2012,M,NA,0,NA,0,NA,1,79623797-2012-10-25,0
20,50,79623797,2012,HA1,21/11/2012,M,NA,0,NA,0,NA,1,79623797-2012-11-21,0
0,70,79623797,2012,HA1,22/11/2012,M,NA,0,NA,0,NA,1,79623797-2012-11-22,0
0,30,79623797,2012,HA1,19/12/2012,M,NA,0,NA,0,NA,1,79623797-2012-12-19,0
90,60,79623859,2012,HA1,10/10/2012,NA,NA,0,NA,0,NA,0,79623859-2012-10-10,0
90,70,79623859,2012,HA1,11/10/2012,NA,NA,0,NA,0,NA,0,79623859-2012-10-11,0
70,60,79623859,2012,HA1,25/10/2012,NA,NA,0,NA,0,NA,0,79623859-2012-10-25,1
100,60,79625010,2012,HA1,25/09/2012,NA,NA,NA,NA,0,NA,NA,79625010-2012-09-25,0
100,40,79625010,2012,HA1,27/09/2012,NA,NA,0,NA,1,2400,0,79625010-2012-09-27,0
60,10,79625342,2012,HA1,05/12/2012,NA,NA,0,NA,0,NA,1,79625342-2012-12-05,1
80,0,79625342,2012,HA1,19/12/2012,NA,NA,0,NA,0,NA,0,79625342-2012-12-19,1
40,0,79625342,2012,HA1,20/12/2012,NA,NA,0,NA,0,NA,0,79625342-2012-12-20,1
30,100,79625885,2012,HA1,10/10/2012,NA,NA,NA,NA,0,NA,NA,79625885-2012-10-10,0
30,60,79625885,2012,HA1,11/10/2012,NA,NA,0,NA,0,NA,0,79625885-2012-10-11,0
100,70,79626809,2012,HA1,24/10/2012,M,NA,0,NA,0,NA,0,79626809-2012-10-24,1
80,70,79626809,2012,HA1,25/10/2012,NA,NA,0,NA,0,NA,0,79626809-2012-10-25,1
100,60,79626809,2012,HA1,21/11/2012,NA,NA,1,56,1,504,0,79626809-2012-11-21,0
100,90,79626809,2012,HA1,22/11/2012,NA,NA,0,NA,0,NA,1,79626809-2012-11-22,0
90,50,79626809,2012,HA1,19/12/2012,NA,NA,0,NA,0,NA,0,79626809-2012-12-19,0
80,50,79626809,2012,HA1,20/12/2012,NA,NA,0,NA,0,NA,0,79626809-2012-12-20,0
10,80,79630010,2012,HA1,28/09/2012,F,NA,0,NA,0,NA,0,79630010-2012-09-28,0
20,70,79630010,2012,HA1,10/10/2012,F,NA,0,NA,0,NA,0,79630010-2012-10-10,0
20,70,79630010,2012,HA1,24/10/2012,F,NA,0,NA,0,NA,0,79630010-2012-10-24,0
30,60,79630010,2012,HA1,25/10/2012,F,NA,0,NA,1,31058.82353,0,79630010-2012-10-25,0
30,70,79630010,2012,HA1,08/11/2012,F,NA,1,192.5925926,0,NA,0,79630010-2012-11-08,0
40,70,79630010,2012,HA1,22/11/2012,F,NA,0,NA,1,2.5,0,79630010-2012-11-22,0
30,50,79630010,2012,HA1,05/12/2012,F,NA,0,NA,1,1422.222222,0,79630010-2012-12-05,0
30,40,79630010,2012,HA1,19/12/2012,F,NA,0,NA,0,NA,1,79630010-2012-12-19,0
40,50,79630010,2012,HA1,20/12/2012,F,NA,0,NA,0,NA,0,79630010-2012-12-20,0
80,90,79630102,2012,HA1,12/09/2012,NA,NA,0,NA,0,NA,0,79630102-2012-09-12,0
100,0,79630354,2012,HA1,05/12/2012,NA,NA,0,NA,0,NA,1,79630354-2012-12-05,1
100,0,79630354,2012,HA1,06/12/2012,NA,NA,0,NA,0,NA,0,79630354-2012-12-06,0
100,100,79630529,2012,HA1,06/12/2012,NA,NA,1,84.61538462,1,12.82051282,1,79630529-2012-12-06,0
40,20,79630840,2012,HA1,11/10/2012,NA,NA,1,685.7142857,0,NA,0,79630840-2012-10-11,0
20,10,79631102,2012,HA1,20/12/2012,F,Adult,1,62.13592233,1,54.36893204,1,79631102-2012-12-20,0
50,70,79631608,2012,HA1,20/12/2012,NA,NA,1,19.40298507,0,NA,1,79631608-2012-12-20,0
80,90,79632079,2012,HA1,27/09/2012,F,Adult,0,NA,0,NA,0,79632079-2012-09-27,0
100,0,79632292,2012,HA1,27/09/2012,M,Adult,0,NA,0,NA,0,79632292-2012-09-27,0
80,0,79632292,2012,HA1,28/09/2012,NA,NA,0,NA,0,NA,0,79632292-2012-09-28,0
40,10,79632292,2012,HA1,09/10/2012,M,Adult,1,1527.272727,0,NA,1,79632292-2012-10-09,0
20,10,79632292,2012,HA1,23/10/2012,M,Adult,0,NA,0,NA,1,79632292-2012-10-23,0
20,30,79632292,2012,HA1,24/10/2012,M,NA,0,NA,0,NA,1,79632292-2012-10-24,0
70,20,79632292,2012,HA1,07/11/2012,M,Adult,0,NA,1,28.57142857,0,79632292-2012-11-07,0
60,10,79632292,2012,HA1,08/11/2012,NA,NA,0,NA,1,2455.555556,0,79632292-2012-11-08,0
40,10,79632292,2012,HA1,20/11/2012,M,Adult,0,NA,1,7200,1,79632292-2012-11-20,0
20,30,79632292,2012,HA1,18/12/2012,M,Adult,0,NA,1,152.173913,1,79632292-2012-12-18,0
10,40,79632292,2012,HA1,19/12/2012,NA,NA,0,NA,1,21.05263158,1,79632292-2012-12-19,0
10,10,79632292,2012,HA1,20/12/2012,NA,NA,0,NA,0,NA,1,79632292-2012-12-20,0
0,80,79637279,2012,HA1,28/09/2012,NA,NA,0,NA,0,NA,1,79637279-2012-09-28,0
40,50,79638280,2012,HA1,28/09/2012,NA,NA,0,NA,0,NA,0,79638280-2012-09-28,0
60,100,79638784,2012,HA1,10/10/2012,NA,NA,0,NA,0,NA,0,79638784-2012-10-10,0
60,100,79638784,2012,HA1,11/10/2012,NA,NA,0,NA,0,NA,0,79638784-2012-10-11,0
30,100,79638784,2012,HA1,07/11/2012,NA,NA,0,NA,0,NA,0,79638784-2012-11-07,0
30,100,79638784,2012,HA1,08/11/2012,NA,NA,0,NA,0,NA,0,79638784-2012-11-08,0
60,100,79638784,2012,HA1,22/11/2012,NA,NA,0,NA,0,NA,0,79638784-2012-11-22,0
30,80,79638784,2012,HA1,05/12/2012,NA,NA,0,NA,0,NA,0,79638784-2012-12-05,0
100,80,79638837,2012,HA1,10/10/2012,M,Adult,0,NA,0,NA,0,79638837-2012-10-10,0
80,100,79638837,2012,HA1,24/10/2012,M,Adult,0,NA,0,NA,0,79638837-2012-10-24,0
80,90,79638837,2012,HA1,07/11/2012,NA,NA,NA,NA,0,NA,NA,79638837-2012-11-07,0
10,80,79639272,2012,HA1,24/10/2012,NA,NA,0,NA,0,NA,0,79639272-2012-10-24,0
0,90,79639272,2012,HA1,08/11/2012,NA,NA,0,NA,0,NA,0,79639272-2012-11-08,0
10,90,79639272,2012,HA1,22/11/2012,NA,NA,0,NA,0,NA,0,79639272-2012-11-22,0
20,100,79639272,2012,HA1,04/12/2012,NA,NA,0,NA,0,NA,0,79639272-2012-12-04,0
90,100,79639579,2012,HA1,15/08/2012,NA,NA,0,NA,0,NA,0,79639579-2012-08-15,0
60,100,79639579,2012,HA1,16/08/2012,NA,NA,1,777.5862069,1,12.06896552,0,79639579-2012-08-16,0
40,90,79768513,2012,HA1,29/08/2012,M,Adult,NA,NA,0,NA,NA,79768513-2012-08-29,0
50,90,79768513,2012,HA1,30/08/2012,M,NA,0,NA,0,NA,0,79768513-2012-08-30,0
90,20,79769830,2012,HA1,12/09/2012,NA,NA,0,NA,0,NA,0,79769830-2012-09-12,0
100,20,79770007,2012,HA1,27/09/2012,NA,NA,0,NA,0,NA,0,79770007-2012-09-27,0
100,20,79770535,2012,HA1,25/09/2012,NA,NA,NA,NA,0,NA,NA,79770535-2012-09-25,0
30,100,79770603,2012,HA1,12/09/2012,NA,NA,0,NA,1,11525,0,79770603-2012-09-12,0
30,100,79770603,2012,HA1,25/09/2012,NA,NA,0,NA,1,6.451612903,0,79770603-2012-09-25,0
40,100,79771081,2012,HA1,30/08/2012,NA,NA,1,9.677419355,0,NA,0,79771081-2012-08-30,0
10,70,79772013,2012,HA1,16/08/2012,NA,NA,1,848.7804878,0,NA,0,79772013-2012-08-16,1
10,60,79772013,2012,HA1,08/11/2012,NA,NA,0,NA,0,NA,1,79772013-2012-11-08,0
10,60,79772013,2012,HA1,06/12/2012,NA,NA,1,8603.076923,1,4.615384615,1,79772013-2012-12-06,0
60,90,79773579,2012,HA1,13/09/2012,NA,NA,NA,NA,0,NA,NA,79773579-2012-09-13,0
20,50,79774581,2012,HA1,12/09/2012,NA,NA,0,NA,1,885.7142857,0,79774581-2012-09-12,1
90,30,79775849,2012,HA1,28/09/2012,F,Adult,0,NA,1,206.4516129,0,79775849-2012-09-28,0
100,40,79775849,2012,HA1,11/10/2012,NA,NA,0,NA,0,NA,0,79775849-2012-10-11,0
80,40,79775849,2012,HA1,24/10/2012,F,NA,0,NA,0,NA,0,79775849-2012-10-24,0
100,20,79775849,2012,HA1,25/10/2012,NA,NA,0,NA,0,NA,1,79775849-2012-10-25,0
90,30,79775849,2012,HA1,07/11/2012,NA,NA,0,NA,0,NA,0,79775849-2012-11-07,0
80,20,79775849,2012,HA1,08/11/2012,NA,NA,0,NA,0,NA,0,79775849-2012-11-08,0
90,20,79775849,2012,HA1,21/11/2012,NA,NA,0,NA,0,NA,1,79775849-2012-11-21,0
100,40,79776324,2012,HA1,28/09/2012,NA,NA,0,NA,0,NA,0,79776324-2012-09-28,1
90,60,79776324,2012,HA1,11/10/2012,NA,NA,1,11.5942029,0,NA,0,79776324-2012-10-11,1
90,30,79776324,2012,HA1,24/10/2012,M,Adult,0,NA,0,NA,0,79776324-2012-10-24,1
80,80,79776883,2012,HA1,08/11/2012,NA,NA,1,13.04347826,0,NA,1,79776883-2012-11-08,0
90,90,79776883,2012,HA1,22/11/2012,NA,NA,0,NA,0,NA,1,79776883-2012-11-22,0
100,90,79776883,2012,HA1,19/12/2012,NA,NA,0,NA,0,NA,1,79776883-2012-12-19,0
100,80,79776883,2012,HA1,20/12/2012,NA,NA,0,NA,0,NA,1,79776883-2012-12-20,0
30,0,79778567,2012,HA1,25/10/2012,NA,NA,0,NA,0,NA,0,79778567-2012-10-25,0
30,10,79778567,2012,HA1,08/11/2012,NA,NA,1,2105.263158,0,NA,0,79778567-2012-11-08,0
20,0,79778567,2012,HA1,04/12/2012,NA,NA,0,NA,0,NA,1,79778567-2012-12-04,0
30,100,79778836,2012,HA1,11/10/2012,NA,NA,0,NA,1,735,0,79778836-2012-10-11,1
80,10,79779379,2012,HA1,16/08/2012,M,Adult,0,NA,0,NA,0,79779379-2012-08-16,0
90,40,79779379,2012,HA1,30/08/2012,M,Adult,0,NA,0,NA,0,79779379-2012-08-30,0
80,0,79779379,2012,HA1,27/09/2012,NA,NA,NA,NA,0,NA,NA,79779379-2012-09-27,0
60,40,79781605,2012,HA1,10/10/2012,NA,NA,1,266.6666667,1,25,0,79781605-2012-10-10,0
80,70,79782524,2012,HA1,08/11/2012,NA,NA,NA,NA,0,NA,NA,79782524-2012-11-08,0
90,70,79782524,2012,HA1,22/11/2012,NA,NA,0,NA,0,NA,1,79782524-2012-11-22,0
80,100,79782524,2012,HA1,22/11/2012,NA,NA,0,NA,0,NA,1,79782524-2012-11-22,0
70,100,79782524,2012,HA1,05/12/2012,NA,NA,0,NA,0,NA,1,79782524-2012-12-05,0
30,30,79783060,2012,HA1,16/08/2012,NA,NA,0,NA,0,NA,0,79783060-2012-08-16,1
10,40,79783060,2012,HA1,30/08/2012,M,Adult,0,NA,1,11.11111111,0,79783060-2012-08-30,1
0,40,79783071,2012,HA1,11/10/2012,NA,NA,0,NA,0,NA,0,79783071-2012-10-11,0
0,90,79783879,2012,HA1,06/12/2012,NA,NA,0,NA,0,NA,1,79783879-2012-12-06,1
70,20,79785381,2012,HA1,25/10/2012,NA,NA,0,NA,0,NA,0,79785381-2012-10-25,1
0,100,79786120,2012,HA1,07/11/2012,NA,NA,0,NA,0,NA,0,79786120-2012-11-07,0
30,30,79786120,2012,HA1,06/12/2012,NA,NA,0,NA,0,NA,0,79786120-2012-12-06,0
60,70,79786569,2012,HA1,10/10/2012,M,NA,1,493.3333333,0,NA,0,79786569-2012-10-10,0
20,10,79786569,2012,HA1,23/10/2012,M,Adult,0,NA,1,908.1081081,1,79786569-2012-10-23,0
50,40,79786569,2012,HA1,21/11/2012,M,NA,0,NA,0,NA,0,79786569-2012-11-21,0
70,70,79786569,2012,HA1,22/11/2012,M,NA,0,NA,0,NA,0,79786569-2012-11-22,0
50,60,79786569,2012,HA1,05/12/2012,M,NA,0,NA,0,NA,1,79786569-2012-12-05,0
70,50,79786569,2012,HA1,06/12/2012,M,NA,0,NA,0,NA,1,79786569-2012-12-06,0
50,30,79787584,2012,HA1,06/12/2012,NA,NA,0,NA,0,NA,0,79787584-2012-12-06,0
0,60,79789358,2012,HA1,07/11/2012,NA,NA,0,NA,0,NA,0,79789358-2012-11-07,0
0,30,79789358,2012,HA1,08/11/2012,NA,NA,0,NA,0,NA,1,79789358-2012-11-08,0
0,20,79789358,2012,HA1,04/12/2012,NA,NA,0,NA,0,NA,1,79789358-2012-12-04,0
80,100,79790568,2012,HA1,10/10/2012,NA,NA,0,NA,0,NA,0,79790568-2012-10-10,0
90,90,79790568,2012,HA1,11/10/2012,NA,NA,0,NA,0,NA,0,79790568-2012-10-11,0
80,80,79790568,2012,HA1,24/10/2012,M,Adult,0,NA,0,NA,0,79790568-2012-10-24,0
80,70,79790568,2012,HA1,22/11/2012,NA,NA,0,NA,1,66.66666667,1,79790568-2012-11-22,0
100,90,79790568,2012,HA1,05/12/2012,NA,NA,NA,NA,0,NA,NA,79790568-2012-12-05,0
90,20,79792086,2012,HA1,07/11/2012,NA,NA,0,NA,1,2928,0,79792086-2012-11-07,0
90,40,79792086,2012,HA1,08/11/2012,NA,NA,1,2453.333333,0,NA,0,79792086-2012-11-08,0
100,10,79792086,2012,HA1,22/11/2012,NA,NA,0,NA,0,NA,1,79792086-2012-11-22,0
90,20,79792086,2012,HA1,05/12/2012,NA,NA,0,NA,0,NA,1,79792086-2012-12-05,0
100,10,79792086,2012,HA1,19/12/2012,NA,NA,0,NA,0,NA,1,79792086-2012-12-19,0
80,40,79792581,2012,HA1,25/10/2012,NA,NA,0,NA,1,353.8461538,0,79792581-2012-10-25,0
90,20,79793093,2012,HA1,10/10/2012,NA,NA,0,NA,0,NA,0,79793093-2012-10-10,1
80,20,79793093,2012,HA1,25/10/2012,NA,NA,0,NA,0,NA,0,79793093-2012-10-25,1
90,10,79793093,2012,HA1,20/12/2012,NA,NA,0,NA,1,71.875,0,79793093-2012-12-20,0
70,90,79793298,2012,HA1,10/10/2012,NA,NA,0,NA,0,NA,0,79793298-2012-10-10,1
70,30,79795060,2012,HA1,10/10/2012,NA,NA,0,NA,0,NA,0,79795060-2012-10-10,0
70,20,79795060,2012,HA1,11/10/2012,NA,NA,0,NA,0,NA,0,79795060-2012-10-11,0
100,40,79795600,2012,HA1,11/09/2012,M,Adult,0,NA,0,NA,0,79795600-2012-09-11,0
20,100,79795857,2012,HA1,25/09/2012,NA,NA,0,NA,0,NA,0,79795857-2012-09-25,0
40,30,79796354,2012,HA1,29/08/2012,M,Adult,0,NA,0,NA,0,79796354-2012-08-29,0
30,40,79796354,2012,HA1,13/09/2012,NA,NA,0,NA,0,NA,0,79796354-2012-09-13,0
100,30,79796354,2012,HA1,27/09/2012,M,Adult,0,NA,0,NA,1,79796354-2012-09-27,0
70,10,79796354,2012,HA1,11/10/2012,NA,NA,0,NA,0,NA,1,79796354-2012-10-11,0
10,20,79797793,2012,HA1,09/10/2012,F,Adult,0,NA,0,NA,0,79797793-2012-10-09,0
0,20,79797793,2012,HA1,10/10/2012,NA,NA,0,NA,0,NA,0,79797793-2012-10-10,0
20,30,79797793,2012,HA1,11/10/2012,NA,NA,NA,NA,0,NA,NA,79797793-2012-10-11,0
10,30,79797793,2012,HA1,23/10/2012,F,Adult,0,NA,0,NA,0,79797793-2012-10-23,0
10,20,79797793,2012,HA1,24/10/2012,NA,NA,0,NA,0,NA,0,79797793-2012-10-24,0
0,0,79797793,2012,HA1,07/11/2012,NA,NA,0,NA,0,NA,0,79797793-2012-11-07,0
10,10,79797793,2012,HA1,08/11/2012,NA,NA,0,NA,0,NA,0,79797793-2012-11-08,0
10,10,79797793,2012,HA1,21/11/2012,NA,NA,0,NA,0,NA,0,79797793-2012-11-21,0
10,20,79797793,2012,HA1,22/11/2012,NA,NA,0,NA,0,NA,1,79797793-2012-11-22,0
10,10,79797793,2012,HA1,04/12/2012,F,Adult,0,NA,0,NA,0,79797793-2012-12-04,0
90,60,84587833,2012,HA1,29/08/2012,F,Adult,1,31.25,0,NA,0,84587833-2012-08-29,0
0,10,84593844,2012,HA1,10/10/2012,NA,NA,0,NA,0,NA,0,84593844-2012-10-10,0
10,10,84593844,2012,HA1,11/10/2012,NA,NA,NA,NA,0,NA,NA,84593844-2012-10-11,0
10,0,84593844,2012,HA1,25/10/2012,NA,NA,0,NA,0,NA,0,84593844-2012-10-25,0
50,30,NA,2012,HA1,19/06/2012,M,NotAdult,0,NA,0,NA,0,NA-2012-06-19,0
50,100,NA,2012,HA1,16/08/2012,NA,NA,NA,NA,0,NA,NA,NA-2012-08-16,0
100,10,NA,2012,HA1,28/08/2012,NA,NA,NA,NA,0,NA,NA,NA-2012-08-28,0
40,100,NA,2012,HA1,28/08/2012,NA,NA,NA,NA,0,NA,NA,NA-2012-08-28,0
0,0,NA,2012,HA1,29/08/2012,NA,NA,NA,NA,0,NA,NA,NA-2012-08-29,0
0,80,NA,2012,HA1,11/09/2012,F,NA,NA,NA,0,NA,NA,NA-2012-09-11,0
100,80,NA,2012,HA1,11/09/2012,NA,NA,NA,NA,0,NA,NA,NA-2012-09-11,0
90,10,NA,2012,HA1,13/09/2012,NA,NA,NA,NA,0,NA,NA,NA-2012-09-13,0
100,0,NA,2012,HA1,25/09/2012,NA,NA,NA,NA,0,NA,NA,NA-2012-09-25,0
40,40,NA,2012,HA1,25/09/2012,NA,NA,NA,NA,0,NA,NA,NA-2012-09-25,0
0,80,NA,2012,HA1,25/09/2012,NA,NotAdult,NA,NA,0,NA,NA,NA-2012-09-25,0
90,90,NA,2012,HA1,25/09/2012,NA,NA,NA,NA,0,NA,NA,NA-2012-09-25,0
90,100,NA,2012,HA1,25/09/2012,NA,NA,NA,NA,0,NA,NA,NA-2012-09-25,0
100,30,NA,2012,HA1,25/09/2012,NA,NA,NA,NA,0,NA,NA,NA-2012-09-25,0
10,50,NA,2012,HA1,25/09/2012,NA,NA,NA,NA,0,NA,NA,NA-2012-09-25,0
100,80,NA,2012,HA1,27/09/2012,NA,NA,NA,NA,0,NA,NA,NA-2012-09-27,0
10,100,NA,2012,HA1,27/09/2012,NA,NA,NA,NA,0,NA,NA,NA-2012-09-27,0
80,90,NA,2012,HA1,28/09/2012,NA,NA,NA,NA,0,NA,NA,NA-2012-09-28,0
30,40,NA,2012,HA1,09/10/2012,M,Adult,NA,NA,0,NA,NA,NA-2012-10-09,0
30,50,NA,2012,HA1,10/10/2012,NA,NA,NA,NA,0,NA,NA,NA-2012-10-10,0
10,40,NA,2012,HA1,23/10/2012,M,Adult,NA,NA,0,NA,NA,NA-2012-10-23,0
0,70,NA,2012,HA1,23/10/2012,NA,NA,0,NA,0,NA,0,NA-2012-10-23,0
50,10,NA,2012,HA1,23/10/2012,NA,NA,0,NA,0,NA,0,NA-2012-10-23,0
90,90,NA,2012,HA1,06/11/2012,NA,NA,NA,NA,0,NA,NA,NA-2012-11-06,0
10,80,NA,2012,HA1,06/11/2012,NA,NA,NA,NA,0,NA,NA,NA-2012-11-06,0
50,20,NA,2012,HA1,21/11/2012,NA,NA,NA,NA,0,NA,NA,NA-2012-11-21,0
80,0,NA,2012,HA1,05/12/2012,NA,NA,NA,NA,0,NA,NA,NA-2012-12-05,0
30,20,NA,2012,HA1,05/12/2012,NA,NA,NA,NA,0,NA,NA,NA-2012-12-05,0
30,90,NA,2012,HA1,05/12/2012,NA,NA,0,NA,0,NA,1,NA-2012-12-05,0
40,80,NA,2012,HA1,18/12/2012,NA,Adult,NA,NA,0,NA,NA,NA-2012-12-18,0
0,30,NA,2012,HA1,18/12/2012,NA,Adult,0,NA,0,NA,0,NA-2012-12-18,0
90,20,NA,2012,HA1,20/12/2012,NA,NA,NA,NA,0,NA,NA,NA-2012-12-20,0
