ID,ID.CapDate,X,Y,Capture.date,Grid,year,Sex,Age,treated.Y.N,EhungInt,EhungINF,EappInt,EappINF,H.poly.EPG,HpolINF
66883112,66883112-2012-06-06,70,100,06/06/2012,HA1,2012,F,Adult,0,0,0,0,0,0,0
67001638,67001638-2012-06-07,60,60,07/06/2012,HA1,2012,F,NotAdult,1,0,0,0,0,0,0
49829569,49829569-2012-06-06,30,40,06/06/2012,HA1,2012,F,Adult,0,0,0,0,0,0,0
66865371,66865371-2012-06-07,10,80,07/06/2012,HA1,2012,M,Adult,0,0,0,0,0,28.88888889,1
67007859,67007859-2012-06-08,20,40,08/06/2012,HA1,2012,F,NotAdult,1,0,0,0,0,144,1
66863517,66863517-2012-06-07,40,40,07/06/2012,HA1,2012,F,NotAdult,0,0,0,0,0,0,0
66891022,66891022-2012-06-08,90,10,08/06/2012,HA1,2012,M,Adult,1,1892.307692,1,3646.153846,1,92.30769231,1
66855330,66855330-2012-06-08,10,0,08/06/2012,HA1,2012,M,Adult,0,0,0,0,0,0,0
66889018,66889018-2012-06-06,0,20,06/06/2012,HA1,2012,F,Adult,1,0,0,0,0,17.85714286,1
66894117,66894117-2012-06-06,80,30,06/06/2012,HA1,2012,F,NotAdult,1,0,0,464.516129,1,19.35483871,1
49847790,49847790-2012-06-06,10,90,06/06/2012,HA1,2012,F,Adult,0,0,0,0,0,4.761904762,1
66882554,66882554-2012-06-06,10,10,06/06/2012,HA1,2012,M,NotAdult,1,420.8333333,1,0,0,0,0
49811771,49811771-2012-06-06,10,10,06/06/2012,HA1,2012,F,Adult,0,0,0,0,0,33.33333333,1
66854826,66854826-2012-06-06,20,60,06/06/2012,HA1,2012,M,Adult,1,0,0,0,0,0,0
52842550,52842550-2012-06-06,30,100,06/06/2012,HA1,2012,F,Adult,0,0,0,0,0,15.78947368,1
66890033,66890033-2012-06-07,30,50,07/06/2012,HA1,2012,F,Adult,1,0,0,0,0,4.04040404,1
66880622,66880622-2012-06-07,100,30,07/06/2012,HA1,2012,M,Adult,1,0,0,0,0,0,0
66861012,66861012-2012-06-07,100,80,07/06/2012,HA1,2012,F,Adult,0,0,0,0,0,42.85714286,1
66855566,66855566-2012-06-07,90,30,07/06/2012,HA1,2012,M,NotAdult,1,0,0,0,0,0,0
67125021,67125021-2012-06-19,0,0,19/06/2012,HA1,2012,M,Adult,0,0,0,0,0,0,0
66889018,66889018-2012-06-19,0,20,19/06/2012,HA1,2012,F,Adult,1,0,0,0,0,0,0
66890033,66890033-2012-06-19,0,40,19/06/2012,HA1,2012,F,Adult,1,0,0,0,0,0,0
67279086,67279086-2012-06-19,10,40,19/06/2012,HA1,2012,M,Adult,1,294.4444444,1,0,0,5.555555556,1
49811771,49811771-2012-06-19,10,20,19/06/2012,HA1,2012,F,Adult,0,0,0,0,0,7.142857143,1
66865371,66865371-2012-06-19,10,10,19/06/2012,HA1,2012,M,Adult,0,0,0,0,0,0,0
67007859,67007859-2012-06-19,20,10,19/06/2012,HA1,2012,F,Adult,1,165.5172414,1,0,0,3.448275862,1
67001638,67001638-2012-06-19,40,50,19/06/2012,HA1,2012,F,NotAdult,1,0,0,0,0,0,0
52842550,52842550-2012-06-19,50,80,19/06/2012,HA1,2012,F,Adult,0,142.8571429,1,0,0,42.85714286,1
67126571,67126571-2012-06-19,60,60,19/06/2012,HA1,2012,F,NotAdult,0,7216.666667,1,0,0,0,0
67076635,67076635-2012-06-19,70,50,19/06/2012,HA1,2012,F,NotAdult,1,95828.57143,1,0,0,0,0
66883112,66883112-2012-06-19,80,100,19/06/2012,HA1,2012,F,Adult,0,0,0,0,0,0,0
66878865,66878865-2012-06-19,80,80,19/06/2012,HA1,2012,M,Adult,0,0,0,0,0,6.976744186,1
66855330,66855330-2012-06-19,100,90,19/06/2012,HA1,2012,M,Adult,1,0,0,0,0,0,0
67259597,67259597-2012-06-19,100,30,19/06/2012,HA1,2012,F,Adult,0,0,0,0,0,0,0
67288302,67288302-2012-06-19,80,30,19/06/2012,HA1,2012,M,NotAdult,1,0,0,0,0,0,0
49847790,49847790-2012-06-20,10,100,20/06/2012,HA1,2012,F,Adult,0,0,0,0,0,21.21212121,1
67010314,67010314-2012-06-21,10,70,21/06/2012,HA1,2012,M,Adult,0,0,0,0,0,12.5,1
67279792,67279792-2012-06-21,60,20,21/06/2012,HA1,2012,M,Adult,1,771.4285714,1,20914.28571,1,0,0
66811012,66811012-2012-06-21,90,70,21/06/2012,HA1,2012,F,Adult,0,0,0,0,0,0,0
67297817,67297817-2012-06-21,80,100,21/06/2012,HA1,2012,F,NotAdult,1,0,0,0,0,0,0
66855330,66855330-2012-07-03,0,0,03/07/2012,HA1,2012,M,Adult,1,0,0,0,0,0,0
67082058,67082058-2012-07-03,10,50,03/07/2012,HA1,2012,F,NotAdult,0,0,0,NA,NA,NA,NA
67279086,67279086-2012-07-03,10,20,03/07/2012,HA1,2012,M,Adult,1,0,0,0,0,0,0
66889018,66889018-2012-07-03,10,10,03/07/2012,HA1,2012,F,Adult,1,0,0,0,0,0,0
49811771,49811771-2012-07-03,20,20,03/07/2012,HA1,2012,F,Adult,0,0,0,0,0,0,0
66890033,66890033-2012-07-03,20,60,03/07/2012,HA1,2012,F,Adult,1,0,0,0,0,0,0
67070550,67070550-2012-07-03,20,70,03/07/2012,HA1,2012,F,NotAdult,1,0,0,0,0,0,0
49847790,49847790-2012-07-03,20,70,03/07/2012,HA1,2012,F,Adult,0,0,0,0,0,16,1
67279792,67279792-2012-07-03,40,20,03/07/2012,HA1,2012,M,Adult,1,0,0,0,0,0,0
67125021,67125021-2012-07-03,60,30,03/07/2012,HA1,2012,M,Adult,0,0,0,0,0,0,0
52842550,52842550-2012-07-03,60,60,03/07/2012,HA1,2012,F,Adult,0,0,0,0,0,0,0
66878865,66878865-2012-07-03,70,0,03/07/2012,HA1,2012,M,Adult,0,0,0,0,0,0,0
67076015,67076015-2012-07-04,20,100,04/07/2012,HA1,2012,M,Adult,1,36,1,0,0,8,1
66859820,66859820-2012-07-04,0,100,04/07/2012,HA1,2012,M,Adult,0,4.444444444,1,0,0,13.33333333,1
67095515,67095515-2012-07-04,30,60,04/07/2012,HA1,2012,M,NotAdult,1,0,0,0,0,0,0
66810776,66810776-2012-07-04,70,30,04/07/2012,HA1,2012,M,Adult,0,0,0,0,0,0,0
67288302,67288302-2012-07-04,70,70,04/07/2012,HA1,2012,M,Adult,1,0,0,0,0,0,0
66815612,66815612-2012-07-04,100,80,04/07/2012,HA1,2012,F,Adult,0,0,0,NA,NA,NA,NA
67297817,67297817-2012-07-05,90,100,05/07/2012,HA1,2012,F,Adult,1,0,0,2.173913043,1,0,0
66889018,66889018-2012-07-17,10,10,17/07/2012,HA1,2012,F,Adult,1,0,0,0,0,0,0
52842550,52842550-2012-07-18,60,90,18/07/2012,HA1,2012,F,Adult,0,0,0,0,0,11.53846154,1
67076015,67076015-2012-07-18,60,100,18/07/2012,HA1,2012,M,Adult,1,0,0,283.3333333,1,0,0
66815612,66815612-2012-07-18,80,90,18/07/2012,HA1,2012,F,Adult,0,0,0,0,0,0,0
67259597,67259597-2012-07-18,90,50,18/07/2012,HA1,2012,F,Adult,0,0,0,0,0,0,0
67074851,67074851-2012-07-17,0,50,17/07/2012,HA1,2012,M,NotAdult,1,0,0,0,0,10,1
66890033,66890033-2012-07-17,10,100,17/07/2012,HA1,2012,F,Adult,1,0,0,0,0,0,0
67070550,67070550-2012-07-17,20,60,17/07/2012,HA1,2012,F,NotAdult,0,15,1,0,0,0,0
66809820,66809820-2012-07-17,30,50,17/07/2012,HA1,2012,F,NotAdult,0,0,0,0,0,0,0
49811771,49811771-2012-07-17,40,20,17/07/2012,HA1,2012,F,Adult,0,0,0,0,0,0,0
67094099,67094099-2012-07-17,50,90,17/07/2012,HA1,2012,F,NotAdult,1,11.11111111,1,0,0,0,0
67125021,67125021-2012-07-17,80,100,17/07/2012,HA1,2012,M,Adult,1,0,0,0,0,4,1
66815612,66815612-2012-07-17,100,70,17/07/2012,HA1,2012,F,Adult,0,0,0,0,0,0,0
66810776,66810776-2012-07-17,70,0,17/07/2012,HA1,2012,M,Adult,0,606.25,1,0,0,0,0
67074851,67074851-2012-08-14,10,70,14/08/2012,HA1,2012,M,Adult,1,0,0,38.88888889,1,13.88888889,1
67091302,67091302-2012-08-14,10,10,14/08/2012,HA1,2012,F,NotAdult,0,0,0,0,0,0,0
67002542,67002542-2012-08-14,10,0,14/08/2012,HA1,2012,M,Adult,1,0,0,167.6470588,1,0,0
49811771,49811771-2012-08-14,30,50,14/08/2012,HA1,2012,F,Adult,0,0,0,0,0,9.090909091,1
67070550,67070550-2012-08-14,30,100,14/08/2012,HA1,2012,F,Adult,1,0,0,0,0,0,0
52842550,52842550-2012-08-14,50,100,14/08/2012,HA1,2012,F,Adult,0,0,0,0,0,4.210526316,1
79618812,79618812-2012-08-14,50,40,14/08/2012,HA1,2012,M,Adult,0,0,0,13782.85714,1,0,0
66878865,66878865-2012-08-14,70,0,14/08/2012,HA1,2012,M,Adult,0,0,0,0,0,0,0
67125021,67125021-2012-08-14,80,30,14/08/2012,HA1,2012,M,Adult,0,0,0,0,0,2.857142857,1
66889018,66889018-2012-07-31,0,20,31/07/2012,HA1,2012,F,Adult,1,0,0,0,0,0,0
67281060,67281060-2012-07-31,0,80,31/07/2012,HA1,2012,F,Adult,0,0,0,0,0,0,0
66859820,66859820-2012-07-31,0,90,31/07/2012,HA1,2012,M,Adult,0,0,0,0,0,0,0
49811771,49811771-2012-07-31,10,30,31/07/2012,HA1,2012,F,Adult,0,0,0,0,0,0,0
67002542,67002542-2012-07-31,20,10,31/07/2012,HA1,2012,M,NotAdult,1,0,0,0,0,0,0
67091302,67091302-2012-07-31,30,10,31/07/2012,HA1,2012,F,NotAdult,0,0,0,0,0,0,0
67070550,67070550-2012-07-31,40,50,31/07/2012,HA1,2012,F,NotAdult,1,0,0,0,0,0,0
66878865,66878865-2012-07-31,60,100,31/07/2012,HA1,2012,M,Adult,0,0,0,0,0,0,0
52842550,52842550-2012-07-31,60,90,31/07/2012,HA1,2012,F,Adult,0,0,0,0,0,19.14893617,1
67257539,67257539-2012-07-31,60,50,31/07/2012,HA1,2012,F,NotAdult,1,0,0,426.0869565,1,0,0
66810776,66810776-2012-07-31,60,30,31/07/2012,HA1,2012,M,Adult,0,0,0,0,0,0,0
66809616,66809616-2012-07-31,60,0,31/07/2012,HA1,2012,F,NotAdult,1,0,0,0,0,0,0
67259597,67259597-2012-07-31,80,40,31/07/2012,HA1,2012,F,Adult,0,NA,NA,NA,NA,NA,NA
67094099,67094099-2012-07-31,80,50,31/07/2012,HA1,2012,F,Adult,1,0,0,118.1818182,1,0,0
67088045,67088045-2012-07-31,100,90,31/07/2012,HA1,2012,F,NotAdult,0,NA,NA,NA,NA,NA,NA
66815612,66815612-2012-07-31,100,80,31/07/2012,HA1,2012,F,Adult,0,0,0,0,0,0,0
67125021,67125021-2012-07-31,100,10,31/07/2012,HA1,2012,M,Adult,0,0,0,0,0,0,0
67073562,67073562-2012-08-02,70,100,02/08/2012,HA1,2012,M,Adult,1,0,0,164.2857143,1,0,0
67123054,67123054-2012-08-02,70,90,02/08/2012,HA1,2012,M,Adult,0,0,0,60.86956522,1,0,0
79786616,79786616-2012-08-16,80,0,16/08/2012,HA1,2012,F,NotAdult,1,0,0,0,0,0,0
79610382,79610382-2012-08-16,80,10,16/08/2012,HA1,2012,F,Adult,0,0,0,0,0,0,0
67123054,67123054-2012-08-16,80,90,16/08/2012,HA1,2012,M,Adult,0,0,0,5.555555556,1,0,0
79613350,79613350-2012-08-28,0,60,28/08/2012,HA1,2012,M,Adult,1,0,0,0,0,0,0
67074851,67074851-2012-08-28,0,70,28/08/2012,HA1,2012,M,Adult,1,7.142857143,1,0,0,0,0
79783060,79783060-2012-08-28,10,40,28/08/2012,HA1,2012,M,Adult,1,0,0,0,0,0,0
79796354,79796354-2012-08-28,10,0,28/08/2012,HA1,2012,M,Adult,0,0,0,0,0,0,0
67091302,67091302-2012-08-28,20,10,28/08/2012,HA1,2012,F,NotAdult,0,0,0,0,0,0,0
67002542,67002542-2012-08-28,20,20,28/08/2012,HA1,2012,M,Adult,1,0,0,0,0,0,0
79769374,79769374-2012-08-28,30,100,28/08/2012,HA1,2012,M,Adult,1,0,0,5.405405405,1,0,0
79786360,79786360-2012-08-28,30,10,28/08/2012,HA1,2012,F,NotAdult,0,0,0,300,1,0,0
79775545,79775545-2012-08-14,100,80,14/08/2012,HA1,2012,M,NotAdult,1,616.6666667,1,83.33333333,1,0,0
79639579,79639579-2012-08-14,80,100,14/08/2012,HA1,2012,F,Adult,0,121.2121212,1,0,0,0,0
67094099,67094099-2012-08-14,80,50,14/08/2012,HA1,2012,F,Adult,1,2367.123288,1,3452.054795,1,0,0
79772013,79772013-2012-08-15,10,80,15/08/2012,HA1,2012,M,Adult,1,28.57142857,1,0,0,0,0
79786360,79786360-2012-08-15,20,0,15/08/2012,HA1,2012,F,NotAdult,0,0,0,0,0,0,0
79783060,79783060-2012-08-15,30,20,15/08/2012,HA1,2012,M,Adult,1,0,0,0,0,0,0
67010536,67010536-2012-08-15,50,20,15/08/2012,HA1,2012,M,Adult,0,0,0,0,0,0,0
66880047,66880047-2012-08-15,100,20,15/08/2012,HA1,2012,M,Adult,1,0,0,833.3333333,1,0,0
66843623,66843623-2012-08-15,100,80,15/08/2012,HA1,2012,M,NotAdult,0,0,0,4600,1,0,0
79630588,79630588-2012-08-15,90,80,15/08/2012,HA1,2012,F,NotAdult,1,0,0,0,0,0,0
67287808,67287808-2012-08-15,90,90,15/08/2012,HA1,2012,F,NotAdult,0,0,0,9.090909091,1,0,0
67005821,67005821-2012-08-15,70,100,15/08/2012,HA1,2012,M,Adult,1,0,0,0,0,0,0
67125021,67125021-2012-08-15,80,20,15/08/2012,HA1,2012,M,Adult,0,0,0,0,0,0,0
49811771,49811771-2012-08-28,40,0,28/08/2012,HA1,2012,F,Adult,0,0,0,0,0,1.315789474,1
79784326,79784326-2012-08-28,50,80,28/08/2012,HA1,2012,M,Adult,1,0,0,0,0,0,0
79797834,79797834-2012-08-28,60,80,28/08/2012,HA1,2012,F,NotAdult,0,0,0,540,1,0,0
79618812,79618812-2012-08-28,90,70,28/08/2012,HA1,2012,M,Adult,0,0,0,4400,1,0,0
79782555,79782555-2012-08-28,90,80,28/08/2012,HA1,2012,F,NotAdult,1,0,0,0,0,0,0
79779379,79779379-2012-08-28,100,20,28/08/2012,HA1,2012,M,Adult,0,3.448275862,1,0,0,0,0
79770603,79770603-2012-08-29,30,90,29/08/2012,HA1,2012,M,NotAdult,0,0,0,0,0,0,0
67534600,67534600-2012-08-29,40,50,29/08/2012,HA1,2012,M,NotAdult,1,0,0,2027.586207,1,0,0
79771081,79771081-2012-08-29,40,100,29/08/2012,HA1,2012,F,NotAdult,0,0,0,0,0,0,0
67080373,67080373-2012-08-29,50,100,29/08/2012,HA1,2012,M,Adult,1,0,0,0,0,0,0
79774854,79774854-2012-08-29,50,50,29/08/2012,HA1,2012,F,Adult,0,171.4285714,1,240,1,0,0
79768798,79768798-2012-08-29,70,90,29/08/2012,HA1,2012,F,Adult,1,0,0,0,0,0,0
66878865,66878865-2012-08-29,100,80,29/08/2012,HA1,2012,M,Adult,0,0,0,4,1,0,0
79770535,79770535-2012-08-30,100,10,30/08/2012,HA1,2012,F,NotAdult,0,0,0,NA,NA,NA,NA
66891529,66891529-2012-08-30,90,0,30/08/2012,HA1,2012,M,Adult,1,0,0,0,0,3.846153846,1
79638791,79638791-2012-08-30,90,80,30/08/2012,HA1,2012,M,Adult,0,0,0,0,0,0,0
66849796,66849796-2012-08-30,80,40,30/08/2012,HA1,2012,F,Adult,1,0,0,227.5,1,2.5,1
66808052,66808052-2012-08-30,60,20,30/08/2012,HA1,2012,M,Adult,0,0,0,0,0,0,0
67279792,67279792-2012-08-30,40,40,30/08/2012,HA1,2012,M,Adult,1,0,0,0,0,0,0
66845816,66845816-2012-08-30,40,90,30/08/2012,HA1,2012,F,Adult,1,0,0,18618.18182,1,0,0
66828572,66828572-2012-08-30,30,0,30/08/2012,HA1,2012,M,Adult,1,0,0,0,0,0,0
67125021,67125021-2012-08-29,100,40,29/08/2012,HA1,2012,M,Adult,0,0,0,0,0,0,0
66818332,66818332-2012-08-30,20,80,30/08/2012,HA1,2012,F,NotAdult,0,0,0,NA,NA,NA,NA
66869343,66869343-2012-08-30,20,100,30/08/2012,HA1,2012,M,Adult,1,0,0,0,0,0,0
66810301,66810301-2012-08-30,10,100,30/08/2012,HA1,2012,M,Adult,0,0,0,0,0,0,0
66853619,66853619-2012-08-30,0,90,30/08/2012,HA1,2012,M,NotAdult,1,53.125,1,6675,1,0,0
79623797,79623797-2012-08-30,10,40,30/08/2012,HA1,2012,M,Adult,0,0,0,872.2222222,1,0,0
66889018,66889018-2012-08-30,0,0,30/08/2012,HA1,2012,F,Adult,1,0,0,0,0,0,0
67007587,67007587-2012-08-30,10,70,30/08/2012,HA1,2012,M,Adult,0,0,0,850,1,0,0
79797893,79797893-2012-08-30,0,30,30/08/2012,HA1,2012,M,Adult,0,0,0,0,0,0,0
66875804,66875804-2012-08-30,0,60,30/08/2012,HA1,2012,F,NotAdult,1,0,0,NA,NA,NA,NA
79788371,79788371-2012-09-11,10,0,11/09/2012,HA1,2012,M,Adult,0,0,0,0,0,0,0
67279792,67279792-2012-09-11,10,40,11/09/2012,HA1,2012,M,Adult,1,0,0,0,0,0,0
79780025,79780025-2012-09-11,10,70,11/09/2012,HA1,2012,M,NotAdult,1,2017.391304,1,0,0,0,0
49811771,49811771-2012-09-11,20,50,11/09/2012,HA1,2012,F,Adult,0,0,0,0,0,0,0
79797359,79797359-2012-09-11,20,50,11/09/2012,HA1,2012,F,Adult,0,0,0,0,0,0,0
79774581,79774581-2012-09-11,20,40,11/09/2012,HA1,2012,F,NotAdult,1,0,0,0,0,0,0
79797266,79797266-2012-09-11,20,30,11/09/2012,HA1,2012,F,NotAdult,0,7880,1,0,0,0,0
67091302,67091302-2012-09-11,20,20,11/09/2012,HA1,2012,F,Adult,0,0,0,0,0,0,0
67002542,67002542-2012-09-11,20,10,11/09/2012,HA1,2012,M,Adult,1,0,0,0,0,0,0
66859820,66859820-2012-09-11,60,50,11/09/2012,HA1,2012,M,Adult,0,0,0,0,0,0,0
79770007,79770007-2012-09-11,70,0,11/09/2012,HA1,2012,M,Adult,1,0,0,0,0,0,0
79796354,79796354-2012-09-11,80,20,11/09/2012,HA1,2012,M,Adult,0,51.28205128,1,61.53846154,1,2.564102564,1
79769830,79769830-2012-09-11,90,40,11/09/2012,HA1,2012,F,Adult,0,484.6153846,1,0,0,0,0
79796374,79796374-2012-09-11,90,30,11/09/2012,HA1,2012,M,Adult,1,0,0,0,0,5.263157895,1
66808052,66808052-2012-09-11,100,10,11/09/2012,HA1,2012,M,Adult,0,0,0,0,0,0,0
79625010,79625010-2012-09-11,100,70,11/09/2012,HA1,2012,M,Adult,1,0,0,0,0,0,0
79637279,79637279-2012-09-12,0,100,12/09/2012,HA1,2012,M,Adult,0,0,0,12.12121212,1,0,0
79789599,79789599-2012-09-12,20,60,12/09/2012,HA1,2012,M,Adult,1,0,0,0,0,0,0
79630010,79630010-2012-09-12,40,80,12/09/2012,HA1,2012,F,Adult,0,0,0,NA,NA,NA,NA
67080373,67080373-2012-09-12,60,100,12/09/2012,HA1,2012,M,Adult,1,0,0,0,0,0,0
79770029,79770029-2012-09-12,90,60,12/09/2012,HA1,2012,M,Adult,1,0,0,0,0,0,0
79795857,79795857-2012-09-13,30,100,13/09/2012,HA1,2012,M,Adult,0,73.68421053,1,21.05263158,1,0,0
79795002,79795002-2012-09-13,30,100,13/09/2012,HA1,2012,M,Adult,1,0,0,0,0,0,0
67279086,67279086-2012-09-25,0,10,25/09/2012,HA1,2012,M,Adult,1,0,0,NA,NA,NA,NA
67002542,67002542-2012-09-25,0,30,25/09/2012,HA1,2012,M,Adult,1,0,0,NA,NA,NA,NA
66872112,66872112-2012-09-25,0,70,25/09/2012,HA1,2012,M,Adult,0,0,0,0,0,0,0
66878317,66878317-2012-09-25,0,100,25/09/2012,HA1,2012,M,Adult,1,0,0,NA,NA,NA,NA
67080373,67080373-2012-09-25,10,100,25/09/2012,HA1,2012,M,Adult,1,3.2,1,18.4,1,0,0
79630010,79630010-2012-09-25,10,90,25/09/2012,HA1,2012,F,Adult,0,15.78947368,1,0,0,0,0
49811771,49811771-2012-09-25,10,30,25/09/2012,HA1,2012,F,Adult,0,0,0,0,0,0,0
79796354,79796354-2012-09-25,10,20,25/09/2012,HA1,2012,M,Adult,0,0,0,0,0,9.090909091,1
79786360,79786360-2012-09-25,10,10,25/09/2012,HA1,2012,F,Adult,0,0,0,0,0,0,0
67006795,67006795-2012-09-25,20,40,25/09/2012,HA1,2012,M,Adult,0,0,0,9672.727273,1,0,0
66881074,66881074-2012-09-25,20,90,25/09/2012,HA1,2012,F,Adult,1,0,0,0,0,0,0
67091302,67091302-2012-09-25,30,0,25/09/2012,HA1,2012,F,Adult,0,0,0,0,0,0,0
79794592,79794592-2012-09-11,0,90,11/09/2012,HA1,2012,F,Adult,1,0,0,430,1,0,0
66853619,66853619-2012-09-11,0,100,11/09/2012,HA1,2012,M,Adult,1,0,0,0,0,0,0
66818332,66818332-2012-09-11,10,80,11/09/2012,HA1,2012,F,Adult,0,673.4693878,1,69.3877551,1,0,0
79630102,79630102-2012-09-11,20,100,11/09/2012,HA1,2012,M,Adult,0,0,0,0,0,0,0
79786360,79786360-2012-09-11,30,30,11/09/2012,HA1,2012,F,Adult,0,0,0,14.28571429,1,0,0
79793093,79793093-2012-09-11,40,60,11/09/2012,HA1,2012,M,Adult,1,8.108108108,1,329.7297297,1,0,0
79770603,79770603-2012-09-11,40,100,11/09/2012,HA1,2012,M,Adult,0,5328.813559,1,0,0,0,0
66810112,66810112-2012-09-11,50,80,11/09/2012,HA1,2012,M,Adult,0,0,0,0,0,2.564102564,1
66869343,66869343-2012-09-11,60,100,11/09/2012,HA1,2012,M,Adult,1,0,0,4896,1,0,0
79768798,79768798-2012-09-11,80,100,11/09/2012,HA1,2012,F,Adult,1,0,0,0,0,0,0
84587833,84587833-2012-09-11,80,60,11/09/2012,HA1,2012,F,Adult,0,0,0,NA,NA,NA,NA
79618812,79618812-2012-09-11,80,60,11/09/2012,HA1,2012,M,Adult,0,0,0,0,0,6.666666667,1
66807101,66807101-2012-09-11,90,70,11/09/2012,HA1,2012,F,Adult,1,0,0,34187.7551,1,0,0
67089554,67089554-2012-09-25,40,90,25/09/2012,HA1,2012,F,Adult,0,91.11111111,1,82.22222222,1,0,0
79618812,79618812-2012-09-25,40,60,25/09/2012,HA1,2012,M,Adult,0,0,0,4.651162791,1,0,0
57079854,57079854-2012-09-25,50,20,25/09/2012,HA1,2012,F,Adult,1,0,0,0,0,4,1
66855532,66855532-2012-09-25,60,20,25/09/2012,HA1,2012,F,Adult,0,0,0,0,0,2.5,1
79786877,79786877-2012-09-25,60,10,25/09/2012,HA1,2012,M,NotAdult,1,0,0,0,0,0,0
66845816,66845816-2012-09-25,70,90,25/09/2012,HA1,2012,F,Adult,1,6.896551724,1,34.48275862,1,0,0
66893321,66893321-2012-09-25,70,70,25/09/2012,HA1,2012,M,Adult,0,0,0,0,0,0,0
79636804,79636804-2012-09-25,70,60,25/09/2012,HA1,2012,F,Adult,1,0,0,13600,1,0,0
84587833,84587833-2012-09-25,70,50,25/09/2012,HA1,2012,F,Adult,0,0,0,0,0,0,0
79632292,79632292-2012-09-25,70,20,25/09/2012,HA1,2012,M,Adult,0,0,0,0,0,0,0
66856609,66856609-2012-09-25,80,20,25/09/2012,HA1,2012,M,NotAdult,1,0,0,0,0,0,0
67003077,67003077-2012-09-25,80,100,25/09/2012,HA1,2012,F,Adult,0,0,0,0,0,0,0
79783063,79783063-2012-09-28,100,60,28/09/2012,HA1,2012,F,Adult,0,0,0,0,0,0,0
79625010,79625010-2012-09-28,100,70,28/09/2012,HA1,2012,M,NA,0,88.46153846,1,0,0,0,0
79617018,79617018-2012-09-28,100,70,28/09/2012,HA1,2012,M,Adult,1,0,0,0,0,0,0
79619290,79619290-2012-09-28,100,80,28/09/2012,HA1,2012,M,Adult,0,1392.982456,1,0,0,0,0
NA,NA-2012-09-28,100,80,28/09/2012,HA1,2012,NA,NA,0,NA,NA,NA,NA,NA,NA
66843623,66843623-2012-09-28,100,90,28/09/2012,HA1,2012,M,Adult,0,246.1538462,1,0,0,0,0
79624348,79624348-2012-09-28,90,80,28/09/2012,HA1,2012,M,Adult,1,0,0,0,0,0,0
79773579,79773579-2012-09-12,30,90,12/09/2012,HA1,2012,M,Adult,1,0,0,0,0,0,0
79612036,79612036-2012-09-12,30,30,12/09/2012,HA1,2012,M,NotAdult,0,0,0,0,0,0,0
66828572,66828572-2012-09-12,50,0,12/09/2012,HA1,2012,M,Adult,1,0,0,1687.5,1,0,0
79632292,79632292-2012-09-13,100,10,13/09/2012,HA1,2012,M,Adult,0,109.0909091,1,354.5454545,1,9.090909091,1
66845816,66845816-2012-09-13,60,100,13/09/2012,HA1,2012,F,Adult,1,0,0,10,1,0,0
79776324,79776324-2012-09-27,100,30,27/09/2012,HA1,2012,M,Adult,1,0,0,0,0,0,0
79618628,79618628-2012-09-27,100,50,27/09/2012,HA1,2012,M,Adult,0,3781.818182,1,0,0,0,0
66867845,66867845-2012-09-27,100,90,27/09/2012,HA1,2012,M,Adult,1,254.5454545,1,618.1818182,1,0,0
79790568,79790568-2012-09-27,90,70,27/09/2012,HA1,2012,M,Adult,0,302.2222222,1,0,0,17.77777778,1
79793093,79793093-2012-09-27,90,50,27/09/2012,HA1,2012,M,Adult,1,697.1428571,1,342.8571429,1,0,0
79775849,79775849-2012-09-27,90,30,27/09/2012,HA1,2012,F,Adult,0,0,0,0,0,53.33333333,1
66810112,66810112-2012-09-27,80,40,27/09/2012,HA1,2012,M,Adult,0,0,0,0,0,0,0
79623859,79623859-2012-09-27,80,80,27/09/2012,HA1,2012,M,Adult,1,0,0,0,0,0,0
79619551,79619551-2012-09-27,60,80,27/09/2012,HA1,2012,M,NotAdult,1,0,0,513.0434783,1,0,0
79786569,79786569-2012-09-27,60,100,27/09/2012,HA1,2012,M,Adult,0,0,0,511.1111111,1,0,0
79795060,79795060-2012-09-27,50,50,27/09/2012,HA1,2012,M,Adult,1,0,0,0,0,0,0
66866543,66866543-2012-09-27,50,0,27/09/2012,HA1,2012,F,NotAdult,0,0,0,2276.923077,1,0,0
67010054,67010054-2012-09-27,30,100,27/09/2012,HA1,2012,F,NotAdult,1,0,0,1626.086957,1,0,0
79638280,79638280-2012-09-27,30,60,27/09/2012,HA1,2012,F,Adult,0,1446.511628,1,172.0930233,1,0,0
79636804,79636804-2012-09-27,70,40,27/09/2012,HA1,2012,NA,NA,0,0,0,280.5970149,1,5.970149254,1
66828572,66828572-2012-09-27,30,20,27/09/2012,HA1,2012,M,Adult,1,0,0,0,0,0,0
84593844,84593844-2012-09-27,30,0,27/09/2012,HA1,2012,F,Adult,1,0,0,0,0,0,0
66821017,66821017-2012-09-27,20,50,27/09/2012,HA1,2012,F,NotAdult,0,0,0,NA,NA,NA,NA
67010260,67010260-2012-09-27,10,90,27/09/2012,HA1,2012,F,Adult,1,0,0,0,0,1.01010101,1
66867586,66867586-2012-09-27,0,40,27/09/2012,HA1,2012,M,Adult,0,0,0,0,0,0,0
79637279,79637279-2012-09-27,0,80,27/09/2012,HA1,2012,M,Adult,0,0,0,0,0,0,0
79630102,79630102-2012-09-27,0,90,27/09/2012,HA1,2012,NA,NA,0,0,0,0,0,0,0
79784299,79784299-2012-09-28,80,70,28/09/2012,HA1,2012,F,NotAdult,0,0,0,638.0952381,1,0,0
79793298,79793298-2012-09-28,70,90,28/09/2012,HA1,2012,F,Adult,1,0,0,0,0,0,0
79786865,79786865-2012-09-28,60,40,28/09/2012,HA1,2012,M,Adult,0,0,0,NA,NA,NA,NA
67077295,67077295-2012-09-28,60,60,28/09/2012,HA1,2012,M,Adult,1,237.7358491,1,724.5283019,1,0,0
79797793,79797793-2012-09-28,0,10,28/09/2012,HA1,2012,F,Adult,0,0,0,0,0,0,0
79617035,79617035-2012-10-09,100,0,09/10/2012,HA1,2012,F,Adult,0,0,0,54857.14286,1,0,0
79609832,79609832-2012-10-09,100,10,09/10/2012,HA1,2012,M,Adult,1,0,0,NA,NA,NA,NA
79775849,79775849-2012-10-09,100,40,09/10/2012,HA1,2012,F,Adult,0,0,0,60.71428571,1,0,0
79623859,79623859-2012-10-09,100,60,09/10/2012,HA1,2012,M,Adult,1,0,0,0,0,0,0
79626809,79626809-2012-10-09,100,70,09/10/2012,HA1,2012,M,Adult,1,116.6666667,1,83.33333333,1,0,0
79638837,79638837-2012-10-09,100,80,09/10/2012,HA1,2012,M,Adult,0,0,0,0,0,0,0
79619290,79619290-2012-10-09,100,90,09/10/2012,HA1,2012,M,Adult,0,0,0,0,0,0,0
79615038,79615038-2012-10-09,90,100,09/10/2012,HA1,2012,F,Adult,1,0,0,0,0,0,0
79790568,79790568-2012-10-09,90,80,09/10/2012,HA1,2012,M,Adult,0,260.3174603,1,38.0952381,1,0,0
79776324,79776324-2012-10-09,90,60,09/10/2012,HA1,2012,M,Adult,1,0,0,0,0,0,0
79793093,79793093-2012-10-09,90,10,09/10/2012,HA1,2012,M,Adult,1,0,0,0,0,0,0
67079854,67079854-2012-10-09,80,20,09/10/2012,HA1,2012,F,Adult,1,0,0,0,0,0,0
66828572,66828572-2012-10-09,70,0,09/10/2012,HA1,2012,M,Adult,1,0,0,0,0,0,0
79795060,79795060-2012-10-09,70,20,09/10/2012,HA1,2012,M,Adult,1,0,0,950,1,0,0
79630840,79630840-2012-10-09,70,70,09/10/2012,HA1,2012,F,NotAdult,0,0,0,35200,1,0,0
66867845,66867845-2012-10-09,70,90,09/10/2012,HA1,2012,M,Adult,1,450,1,0,0,0,0
79638784,79638784-2012-10-09,70,100,09/10/2012,HA1,2012,M,Adult,1,0,0,100,1,0,0
79786569,79786569-2012-10-09,60,70,09/10/2012,HA1,2012,M,Adult,0,0,0,61800,1,0,0
79781605,79781605-2012-10-09,60,40,09/10/2012,HA1,2012,F,Adult,0,0,0,12600,1,0,0
66887847,66887847-2012-10-10,100,40,10/10/2012,HA1,2012,M,Adult,0,0,0,0,0,0,0
79632292,79632292-2012-10-10,60,10,10/10/2012,HA1,2012,NA,NA,0,115.7894737,1,105.2631579,1,5.263157895,1
79614264,79614264-2012-10-11,100,10,11/10/2012,HA1,2012,F,Adult,0,0,0,0,0,0,0
79616012,79616012-2012-10-11,90,10,11/10/2012,HA1,2012,M,Adult,1,0,0,0,0,0,0
79792581,79792581-2012-10-11,90,70,11/10/2012,HA1,2012,F,Adult,0,400,1,0,0,0,0
79609626,79609626-2012-10-11,90,100,11/10/2012,HA1,2012,M,Adult,1,0,0,0,0,0,0
67080373,67080373-2012-10-11,70,60,11/10/2012,HA1,2012,M,Adult,1,0,0,0,0,0,0
66885846,66885846-2012-10-11,60,20,11/10/2012,HA1,2012,M,Adult,0,0,0,0,0,0,0
79638271,79638271-2012-10-11,50,0,11/10/2012,HA1,2012,M,NotAdult,1,0,0,NA,NA,NA,NA
79627018,79627018-2012-10-11,10,60,11/10/2012,HA1,2012,M,Adult,1,0,0,0,0,0,0
67124339,67124339-2012-10-11,0,70,11/10/2012,HA1,2012,M,Adult,0,0,0,NA,NA,NA,NA
66808052,66808052-2012-10-09,0,0,09/10/2012,HA1,2012,M,Adult,0,0,0,0,0,0,0
66821017,66821017-2012-10-09,0,30,09/10/2012,HA1,2012,F,NotAdult,0,0,0,0,0,0,0
79783071,79783071-2012-10-09,0,40,09/10/2012,HA1,2012,F,NotAdult,0,1840,1,0,0,0,0
66872112,66872112-2012-10-09,0,70,09/10/2012,HA1,2012,M,Adult,0,0,0,0,0,0,0
79778836,79778836-2012-10-09,0,90,09/10/2012,HA1,2012,M,Adult,1,0,0,0,0,0,0
66878317,66878317-2012-10-09,10,80,09/10/2012,HA1,2012,M,Adult,1,0,0,0,0,0,0
67006795,67006795-2012-10-09,20,40,09/10/2012,HA1,2012,M,Adult,0,0,0,4844.444444,1,0,0
79630010,79630010-2012-10-09,20,60,09/10/2012,HA1,2012,F,Adult,0,0,0,0,0,0,0
67089554,67089554-2012-10-09,30,60,09/10/2012,HA1,2012,F,Adult,0,0,0,0,0,0,0
79769626,79769626-2012-10-09,40,80,09/10/2012,HA1,2012,F,Adult,0,0,0,16933.33333,1,0,0
66881074,66881074-2012-10-09,40,90,09/10/2012,HA1,2012,F,Adult,1,0,0,556800,1,0,0
79793298,79793298-2012-10-09,40,100,09/10/2012,HA1,2012,F,Adult,1,0,0,0,0,0,0
79625885,79625885-2012-10-09,40,100,09/10/2012,HA1,2012,F,Adult,1,0,0,1837.5,1,0,0
79786120,79786120-2012-10-10,0,60,10/10/2012,HA1,2012,F,Adult,1,0,0,0,0,0,0
79639272,79639272-2012-10-10,0,90,10/10/2012,HA1,2012,M,Adult,0,0,0,444.4444444,1,0,0
79769061,79769061-2012-10-10,10,100,10/10/2012,HA1,2012,F,Adult,1,0,0,0,0,0,0
79786360,79786360-2012-10-10,10,10,10/10/2012,HA1,2012,NA,NA,0,0,0,0,0,0,0
79778567,79778567-2012-10-10,10,0,10/10/2012,HA1,2012,F,Adult,0,0,0,0,0,0,0
79785369,79785369-2012-10-10,30,10,10/10/2012,HA1,2012,M,NotAdult,0,0,0,0,0,0,0
79639272,79639272-2012-10-23,0,80,23/10/2012,HA1,2012,M,Adult,0,0,0,0,0,0,0
79630354,79630354-2012-10-24,100,10,24/10/2012,HA1,2012,F,Adult,1,1136.363636,1,0,0,0,0
66843623,66843623-2012-10-24,100,70,24/10/2012,HA1,2012,M,Adult,0,0,0,0,0,0,0
79776883,79776883-2012-10-24,100,90,24/10/2012,HA1,2012,M,Adult,0,0,0,0,0,0,0
79792581,79792581-2012-10-24,90,40,24/10/2012,HA1,2012,F,Adult,0,0,0,0,0,0,0
67075638,67075638-2012-10-24,70,60,24/10/2012,HA1,2012,F,NotAdult,0,0,0,466.6666667,1,0,0
79623859,79623859-2012-10-24,70,50,24/10/2012,HA1,2012,M,Adult,1,0,0,0,0,0,0
79797842,79797842-2012-10-24,60,20,24/10/2012,HA1,2012,M,Adult,1,0,0,0,0,0,0
79609302,79609302-2012-10-25,0,20,25/10/2012,HA1,2012,M,Adult,1,0,0,0,0,0,0
79770053,79770053-2012-10-25,10,20,25/10/2012,HA1,2012,M,Adult,0,0,0,11.76470588,1,0,0
79633854,79633854-2012-10-25,20,70,25/10/2012,HA1,2012,F,Adult,1,400,1,0,0,0,0
79772013,79772013-2012-10-25,30,50,25/10/2012,HA1,2012,M,Adult,0,0,0,0,0,52.27272727,1
79613873,79613873-2012-10-25,30,90,25/10/2012,HA1,2012,M,Adult,1,7.692307692,1,0,0,0,0
79609832,79609832-2012-10-23,100,10,23/10/2012,HA1,2012,M,Adult,1,0,0,0,0,0,0
79790568,79790568-2012-10-23,100,90,23/10/2012,HA1,2012,M,Adult,0,0,0,0,0,0,0
79776324,79776324-2012-10-23,90,30,23/10/2012,HA1,2012,M,Adult,1,0,0,0,0,0,0
79793093,79793093-2012-10-23,80,30,23/10/2012,HA1,2012,M,Adult,1,76.78571429,1,0,0,0,0
79626809,79626809-2012-10-23,80,50,23/10/2012,HA1,2012,M,Adult,1,0,0,0,0,0,0
79786569,79786569-2012-10-23,70,100,23/10/2012,HA1,2012,M,Adult,0,0,0,0,0,0,0
66845816,66845816-2012-10-23,40,50,23/10/2012,HA1,2012,F,Adult,1,0,0,0,0,0,0
79615038,79615038-2012-10-23,40,100,23/10/2012,HA1,2012,F,Adult,1,0,0,12685.71429,1,0,0
79778567,79778567-2012-10-23,10,0,23/10/2012,HA1,2012,F,Adult,0,0,0,0,0,0,0
66808052,66808052-2012-10-23,10,10,23/10/2012,HA1,2012,M,Adult,0,0,0,0,0,0,0
66872112,66872112-2012-10-23,10,70,23/10/2012,HA1,2012,M,Adult,0,0,0,0,0,3.846153846,1
66878317,66878317-2012-10-23,10,70,23/10/2012,HA1,2012,M,Adult,1,0,0,0,0,0,0
79786120,79786120-2012-10-23,10,80,23/10/2012,HA1,2012,F,Adult,1,0,0,0,0,0,0
79623797,79623797-2012-10-23,10,90,23/10/2012,HA1,2012,M,Adult,0,0,0,0,0,3.571428571,1
79630010,79630010-2012-10-23,10,100,23/10/2012,HA1,2012,F,Adult,0,0,0,0,0,0,0
67010054,67010054-2012-10-23,0,100,23/10/2012,HA1,2012,F,Adult,1,0,0,10.25641026,1,0,0
67073610,67073610-2012-10-23,20,80,23/10/2012,HA1,2012,F,NotAdult,1,0,0,0,0,0,0
67088839,67088839-2012-10-23,20,60,23/10/2012,HA1,2012,M,Adult,0,2230.769231,1,0,0,0,0
79628068,79628068-2012-10-23,20,0,23/10/2012,HA1,2012,M,Adult,1,0,0,0,0,13.33333333,1
67069635,67069635-2012-10-23,30,0,23/10/2012,HA1,2012,F,Adult,0,0,0,0,0,0,0
79638784,79638784-2012-10-23,30,100,23/10/2012,HA1,2012,M,Adult,1,0,0,0,0,0,0
67080373,67080373-2012-10-23,50,80,23/10/2012,HA1,2012,M,Adult,1,92,1,0,0,0,0
66828572,66828572-2012-10-23,50,0,23/10/2012,HA1,2012,M,Adult,0,13.79310345,1,0,0,0,0
79785381,79785381-2012-10-23,70,30,23/10/2012,HA1,2012,F,NotAdult,1,0,0,0,0,2.5,1
67088367,67088367-2012-10-23,70,40,23/10/2012,HA1,2012,F,NotAdult,0,0,0,0,0,0,0
66867845,66867845-2012-10-23,70,90,23/10/2012,HA1,2012,M,Adult,1,0,0,0,0,0,0
79638837,79638837-2012-10-23,100,90,23/10/2012,HA1,2012,M,Adult,0,0,0,0,0,0,0
79775849,79775849-2012-10-23,100,20,23/10/2012,HA1,2012,F,Adult,0,0,0,0,0,0,0
79789358,79789358-2012-11-06,0,30,06/11/2012,HA1,2012,M,Adult,0,0,0,0,0,2.857142857,1
66872112,66872112-2012-11-06,0,40,06/11/2012,HA1,2012,M,Adult,0,0,0,0,0,0,0
66878317,66878317-2012-11-06,0,70,06/11/2012,HA1,2012,M,Adult,1,8.695652174,1,0,0,0,0
79786120,79786120-2012-11-06,10,90,06/11/2012,HA1,2012,F,Adult,1,NA,NA,NA,NA,NA,NA
79797793,79797793-2012-11-06,20,0,06/11/2012,HA1,2012,F,Adult,0,0,0,0,0,0,0
79638784,79638784-2012-11-06,30,100,06/11/2012,HA1,2012,M,Adult,1,0,0,0,0,1.851851852,1
79795630,79795630-2012-11-06,30,90,06/11/2012,HA1,2012,F,Adult,1,0,0,151.5151515,1,3.03030303,1
67120021,67120021-2012-11-06,50,30,06/11/2012,HA1,2012,F,Adult,1,0,0,0,0,0,0
79793298,79793298-2012-10-25,50,80,25/10/2012,HA1,2012,F,Adult,1,0,0,0,0,0,0
79769584,79769584-2012-10-25,100,90,25/10/2012,HA1,2012,M,Adult,1,0,0,0,0,4.347826087,1
79792086,79792086-2012-10-25,100,10,25/10/2012,HA1,2012,F,NotAdult,0,100,1,40,1,0,0
79782524,79782524-2012-10-24,40,100,24/10/2012,HA1,2012,F,Adult,0,0,0,0,0,0,0
66866819,66866819-2012-10-24,40,70,24/10/2012,HA1,2012,F,Adult,1,0,0,0,0,0,0
79797884,79797884-2012-10-24,30,80,24/10/2012,HA1,2012,M,Adult,0,0,0,0,0,0,0
79795630,79795630-2012-10-24,30,90,24/10/2012,HA1,2012,F,Adult,1,0,0,0,0,0,0
84593844,84593844-2012-10-24,20,10,24/10/2012,HA1,2012,F,Adult,1,0,0,0,0,0,0
79789358,79789358-2012-10-24,0,60,24/10/2012,HA1,2012,M,Adult,0,50,1,0,0,7.692307692,1
79619551,79619551-2012-10-24,0,10,24/10/2012,HA1,2012,NA,NA,1,0,0,0,0,0,0
67095127,67095127-2012-10-24,0,0,24/10/2012,HA1,2012,M,Adult,1,0,0,0,0,4.761904762,1
79797793,79797793-2012-11-20,0,10,20/11/2012,HA1,2012,F,Adult,0,0,0,0,0,0,0
66872112,66872112-2012-11-20,0,60,20/11/2012,HA1,2012,M,Adult,0,0,0,0,0,0,0
79623797,79623797-2012-11-20,0,90,20/11/2012,HA1,2012,M,Adult,0,0,0,0,0,11.11111111,1
67259552,67259552-2012-11-07,0,10,07/11/2012,HA1,2012,F,Adult,0,0,0,0,0,0,0
79639272,79639272-2012-11-07,10,50,07/11/2012,HA1,2012,M,Adult,0,0,0,0,0,0,0
79628068,79628068-2012-11-07,10,10,07/11/2012,HA1,2012,M,Adult,1,36757.89474,1,0,0,0,0
66808052,66808052-2012-11-07,20,20,07/11/2012,HA1,2012,M,Adult,0,0,0,0,0,0,0
79782524,79782524-2012-11-07,80,70,07/11/2012,HA1,2012,F,Adult,0,0,0,5719.148936,1,0,0
66867845,66867845-2012-11-07,80,70,07/11/2012,HA1,2012,M,Adult,1,3634.285714,1,0,0,0,0
66866819,66866819-2012-11-07,70,50,07/11/2012,HA1,2012,F,Adult,1,0,0,0,0,0,0
79615038,79615038-2012-11-07,50,100,07/11/2012,HA1,2012,F,Adult,1,0,0,0,0,0,0
79778567,79778567-2012-11-07,30,0,07/11/2012,HA1,2012,F,Adult,0,0,0,0,0,0,0
79772013,79772013-2012-11-07,30,50,07/11/2012,HA1,2012,M,Adult,0,0,0,0,0,0,0
66845816,66845816-2012-11-07,30,70,07/11/2012,HA1,2012,F,Adult,1,0,0,0,0,0,0
67265276,67265276-2012-11-08,10,30,08/11/2012,HA1,2012,F,Adult,0,0,0,10,1,10,1
67279792,67279792-2012-11-08,10,70,08/11/2012,HA1,2012,M,Adult,1,0,0,0,0,0,0
79623797,79623797-2012-11-08,30,50,08/11/2012,HA1,2012,M,Adult,0,0,0,NA,NA,NA,NA
67284095,67284095-2012-11-08,50,20,08/11/2012,HA1,2012,M,Adult,1,0,0,0,0,0,0
79792086,79792086-2012-11-06,100,10,06/11/2012,HA1,2012,F,Adult,0,NA,NA,NA,NA,NA,NA
79626809,79626809-2012-11-06,100,70,06/11/2012,HA1,2012,M,Adult,1,NA,NA,NA,NA,NA,NA
79609832,79609832-2012-11-06,100,80,06/11/2012,HA1,2012,M,Adult,1,NA,NA,NA,NA,NA,NA
79638837,79638837-2012-11-06,90,90,06/11/2012,HA1,2012,M,Adult,0,NA,NA,NA,NA,NA,NA
79775849,79775849-2012-11-06,80,60,06/11/2012,HA1,2012,F,Adult,0,NA,NA,NA,NA,NA,NA
79786569,79786569-2012-11-06,80,60,06/11/2012,HA1,2012,M,Adult,0,NA,NA,NA,NA,NA,NA
66828572,66828572-2012-11-06,50,0,06/11/2012,HA1,2012,M,Adult,1,0,0,15422.95082,1,0,0
67276819,67276819-2012-11-07,100,40,07/11/2012,HA1,2012,F,Adult,1,0,0,0,0,0,0
66828572,66828572-2012-12-04,60,20,04/12/2012,HA1,2012,M,Adult,1,0,0,0,0,0,0
79783063,79783063-2012-11-07,100,100,07/11/2012,HA1,2012,F,Adult,0,0,0,NA,NA,NA,NA
79790568,79790568-2012-11-07,90,80,07/11/2012,HA1,2012,M,Adult,0,0,0,0,0,2.083333333,1
79776883,79776883-2012-11-07,90,80,07/11/2012,HA1,2012,M,Adult,0,0,0,7.142857143,1,0,0
79630010,79630010-2012-11-07,20,80,07/11/2012,HA1,2012,F,Adult,0,0,0,733.3333333,1,0,0
67119635,67119635-2012-11-07,20,100,07/11/2012,HA1,2012,M,Adult,0,0,0,0,0,0,0
67080373,67080373-2012-11-07,40,80,07/11/2012,HA1,2012,M,Adult,1,0,0,0,0,0,0
79630354,79630354-2012-11-08,100,30,08/11/2012,HA1,2012,F,Adult,1,1540,1,0,0,0,0
66874822,66874822-2012-11-08,90,80,08/11/2012,HA1,2012,M,Adult,1,0,0,0,0,0,0
67276836,67276836-2012-11-08,70,60,08/11/2012,HA1,2012,F,NotAdult,0,0,0,0,0,0,0
79786120,79786120-2012-11-20,10,100,20/11/2012,HA1,2012,F,Adult,1,0,0,0,0,0,0
79639272,79639272-2012-11-20,10,90,20/11/2012,HA1,2012,M,Adult,0,0,0,0,0,0,0
79614576,79614576-2012-11-20,10,30,20/11/2012,HA1,2012,F,Adult,0,NA,NA,NA,NA,NA,NA
79789358,79789358-2012-11-20,10,30,20/11/2012,HA1,2012,M,Adult,0,3031.578947,1,0,0,78.94736842,1
79778567,79778567-2012-11-20,10,10,20/11/2012,HA1,2012,F,Adult,0,0,0,0,0,3.125,1
67119635,67119635-2012-11-20,30,100,20/11/2012,HA1,2012,NA,NA,0,0,0,0,0,7.692307692,1
66808052,66808052-2012-11-20,40,20,20/11/2012,HA1,2012,M,Adult,0,231.5789474,1,0,0,0,0
79772013,79772013-2012-11-21,0,90,21/11/2012,HA1,2012,M,Adult,0,0,0,0,0,27.27272727,1
79630010,79630010-2012-11-21,40,60,21/11/2012,HA1,2012,F,Adult,0,0,0,0,0,0,0
79623859,79623859-2012-11-21,90,60,21/11/2012,HA1,2012,M,Adult,1,0,0,0,0,0,0
79630354,79630354-2012-12-04,100,0,04/12/2012,HA1,2012,F,Adult,1,0,0,0,0,0,0
67276819,67276819-2012-12-04,100,60,04/12/2012,HA1,2012,F,Adult,1,0,0,0,0,0,0
79790568,79790568-2012-12-04,100,90,04/12/2012,HA1,2012,M,Adult,0,0,0,0,0,21.73913043,1
79630529,79630529-2012-12-04,100,100,04/12/2012,HA1,2012,F,Adult,1,0,0,0,0,2.631578947,1
66843623,66843623-2012-12-04,100,100,04/12/2012,HA1,2012,M,Adult,0,0,0,0,0,13.88888889,1
79792086,79792086-2012-12-04,90,10,04/12/2012,HA1,2012,F,Adult,1,0,0,0,0,2.325581395,1
79782524,79782524-2012-12-04,80,100,04/12/2012,HA1,2012,F,Adult,0,0,0,0,0,5.263157895,1
79786569,79786569-2012-12-04,70,100,04/12/2012,HA1,2012,M,Adult,0,0,0,0,0,0.746268657,1
79792086,79792086-2012-11-20,100,20,20/11/2012,HA1,2012,F,Adult,0,0,0,0,0,0,0
79626809,79626809-2012-11-20,90,80,20/11/2012,HA1,2012,M,Adult,1,30720,1,0,0,0,0
79775849,79775849-2012-11-20,80,40,20/11/2012,HA1,2012,F,Adult,0,0,0,0,0,0,0
66867845,66867845-2012-11-20,80,100,20/11/2012,HA1,2012,M,Adult,1,0,0,0,0,0,0
66845816,66845816-2012-11-20,70,100,20/11/2012,HA1,2012,F,Adult,1,9386.666667,1,0,0,0,0
79786569,79786569-2012-11-20,60,90,20/11/2012,HA1,2012,M,Adult,0,0,0,0,0,0,0
79615038,79615038-2012-11-20,50,90,20/11/2012,HA1,2012,F,Adult,1,0,0,0,0,0,0
79638784,79638784-2012-11-20,50,90,20/11/2012,HA1,2012,M,Adult,1,0,0,0,0,0,0
66828572,66828572-2012-11-20,50,30,20/11/2012,HA1,2012,M,Adult,1,16,1,0,0,0,0
79786093,79786093-2012-11-21,100,10,21/11/2012,HA1,2012,M,Adult,1,0,0,0,0,2.857142857,1
79793093,79793093-2012-11-21,100,20,21/11/2012,HA1,2012,M,Adult,1,0,0,0,0,0,0
67276819,67276819-2012-11-21,100,30,21/11/2012,HA1,2012,F,Adult,1,0,0,0,0,1.075268817,1
79797884,79797884-2012-11-21,100,90,21/11/2012,HA1,2012,M,Adult,0,930.6122449,1,0,0,0,0
79782524,79782524-2012-11-21,100,100,21/11/2012,HA1,2012,F,Adult,0,0,0,3.225806452,1,116.1290323,1
79776883,79776883-2012-11-21,90,80,21/11/2012,HA1,2012,M,Adult,0,63.63636364,1,0,0,0,0
66874822,66874822-2012-11-21,90,80,21/11/2012,HA1,2012,M,Adult,1,80336.84211,1,0,0,0,0
79790568,79790568-2012-11-21,90,60,21/11/2012,HA1,2012,M,Adult,0,352.3809524,1,0,0,95.23809524,1
66843623,66843623-2012-11-22,90,80,22/11/2012,HA1,2012,M,Adult,0,0,0,NA,NA,NA,NA
79775849,79775849-2012-11-22,80,20,22/11/2012,HA1,2012,NA,NA,0,0,0,0,0,58.42696629,1
66867845,66867845-2012-12-04,70,60,04/12/2012,HA1,2012,M,Adult,1,0,0,0,0,0,0
79787584,79787584-2012-12-05,40,40,05/12/2012,HA1,2012,F,Adult,1,NA,NA,NA,NA,NA,NA
79785829,79785829-2012-12-04,0,0,04/12/2012,HA1,2012,M,Adult,0,0,0,0,0,0,0
79623797,79623797-2012-12-04,0,60,04/12/2012,HA1,2012,M,Adult,0,0,0,0,0,5.454545455,1
67279792,67279792-2012-12-04,0,70,04/12/2012,HA1,2012,M,Adult,1,0,0,0,0,27.27272727,1
79786120,79786120-2012-12-04,10,100,04/12/2012,HA1,2012,F,Adult,1,0,0,0,0,0,0
66872112,66872112-2012-12-04,10,40,04/12/2012,HA1,2012,M,Adult,0,0,0,0,0,0,0
79772013,79772013-2012-12-04,10,20,04/12/2012,HA1,2012,M,Adult,0,0,0,0,0,1.960784314,1
79614576,79614576-2012-12-04,10,20,04/12/2012,HA1,2012,F,Adult,0,143.75,1,0,0,25,1
79630010,79630010-2012-12-04,20,70,04/12/2012,HA1,2012,F,Adult,0,0,0,0,0,12.5,1
79615038,79615038-2012-12-04,40,100,04/12/2012,HA1,2012,F,Adult,1,1421.428571,1,0,0,0,0
79632292,79632292-2012-12-04,30,0,04/12/2012,HA1,2012,M,Adult,0,0,0,0,0,140.9090909,1
79625342,79625342-2012-12-04,50,40,04/12/2012,HA1,2012,M,Adult,1,0,0,0,0,43.75,1
66845816,66845816-2012-12-04,50,90,04/12/2012,HA1,2012,F,Adult,1,0,0,0,0,0,0
79638784,79638784-2012-12-04,60,90,04/12/2012,HA1,2012,M,Adult,1,0,0,0,0,0,0
67296101,67296101-2012-12-05,0,10,05/12/2012,HA1,2012,F,Adult,0,0,0,0,0,13.33333333,1
84578597,84578597-2012-12-05,0,70,05/12/2012,HA1,2012,M,Adult,1,0,0,0,0,13.63636364,1
79623028,79623028-2012-12-05,0,100,05/12/2012,HA1,2012,M,Adult,0,0,0,0,0,33.33333333,1
79783879,79783879-2012-12-05,0,100,05/12/2012,HA1,2012,M,Adult,1,0,0,0,0,35.8490566,1
79612792,79612792-2012-12-05,10,90,05/12/2012,HA1,2012,M,Adult,0,4447.058824,1,0,0,52.94117647,1
79786093,79786093-2012-12-06,100,20,06/12/2012,HA1,2012,M,Adult,1,0,0,0,0,0,0
79627270,79627270-2012-12-06,100,80,06/12/2012,HA1,2012,M,Adult,1,16.66666667,1,0,0,66.66666667,1
79783063,79783063-2012-12-06,100,90,06/12/2012,HA1,2012,F,Adult,0,0,0,0,0,17.24137931,1
66893321,66893321-2012-12-18,100,0,18/12/2012,HA1,2012,M,Adult,0,0,0,0,0,31.37254902,1
79792086,79792086-2012-12-18,100,20,18/12/2012,HA1,2012,F,Adult,0,0,0,0,0,1.769911504,1
79626809,79626809-2012-12-18,100,60,18/12/2012,HA1,2012,M,Adult,1,0,0,NA,NA,NA,NA
66874822,66874822-2012-12-18,100,100,18/12/2012,HA1,2012,M,Adult,1,0,0,594.8717949,1,0,0
79782524,79782524-2012-12-18,90,90,18/12/2012,HA1,2012,F,Adult,0,3.571428571,1,0,0,39.28571429,1
79625342,79625342-2012-12-18,80,0,18/12/2012,HA1,2012,M,Adult,1,0,0,0,0,2.941176471,1
79776883,79776883-2012-12-18,80,80,18/12/2012,HA1,2012,M,Adult,0,0,0,0,0,57.89473684,1
66867845,66867845-2012-12-18,70,90,18/12/2012,HA1,2012,M,Adult,1,0,0,0,0,0,0
79615038,79615038-2012-12-18,50,100,18/12/2012,HA1,2012,F,Adult,1,0,0,0,0,0,0
66845816,66845816-2012-12-18,50,90,18/12/2012,HA1,2012,F,Adult,1,NA,NA,NA,NA,NA,NA
67296101,67296101-2012-12-19,0,10,19/12/2012,HA1,2012,F,Adult,0,0,0,0,0,0,0
79623881,79623881-2012-12-19,0,20,19/12/2012,HA1,2012,F,Adult,0,0,0,NA,NA,NA,NA
79638027,79638027-2012-12-19,0,20,19/12/2012,HA1,2012,M,Adult,0,0,0,NA,NA,NA,NA
84578597,84578597-2012-12-19,0,50,19/12/2012,HA1,2012,M,Adult,1,0,0,NA,NA,NA,NA
79774078,79774078-2012-12-19,10,90,19/12/2012,HA1,2012,M,Adult,0,19826.08696,1,0,0,8.695652174,1
79770817,79770817-2012-12-19,10,30,19/12/2012,HA1,2012,F,Adult,0,0,0,0,0,22.22222222,1
79631608,79631608-2012-12-19,30,100,19/12/2012,HA1,2012,F,Adult,0,0,0,0,0,82.22222222,1
66845816,66845816-2012-12-20,30,70,20/12/2012,HA1,2012,F,NA,0,0,0,0,0,0,0
67094344,67094344-2012-12-20,40,70,20/12/2012,HA1,2012,M,Adult,1,NA,NA,NA,NA,NA,NA
84593844,84593844-2012-12-20,50,0,20/12/2012,HA1,2012,F,Adult,1,30.95238095,1,0,0,0,0
79623859,79623859-2012-12-05,100,70,05/12/2012,HA1,2012,M,Adult,1,0,0,0,0,9.090909091,1
79776883,79776883-2012-12-05,70,90,05/12/2012,HA1,2012,M,Adult,0,0,0,0,0,4.109589041,1
66845816,66845816-2012-12-05,70,100,05/12/2012,HA1,2012,F,Adult,1,0,0,0,0,0,0
66874822,66874822-2012-12-05,80,100,05/12/2012,HA1,2012,M,Adult,1,0,0,0,0,0,0
66893321,66893321-2012-12-05,80,60,05/12/2012,HA1,2012,M,Adult,0,0,0,0,0,1.785714286,1
79623859,79623859-2012-12-20,50,60,20/12/2012,HA1,2012,M,Adult,1,0,0,0,0,0,0
67095127,67095127-2012-12-18,0,10,18/12/2012,HA1,2012,M,Adult,1,0,0,0,0,0,0
67279792,67279792-2012-12-18,0,50,18/12/2012,HA1,2012,M,Adult,1,0,0,0,0,0,0
79623028,79623028-2012-12-18,0,100,18/12/2012,HA1,2012,M,Adult,0,0,0,0,0,274.4186047,1
52826884,52826884-2012-12-18,10,100,18/12/2012,HA1,2012,M,Adult,0,0,0,0,0,7.692307692,1
79623797,79623797-2012-12-18,10,90,18/12/2012,HA1,2012,M,Adult,0,0,0,0,0,5.194805195,1
79614576,79614576-2012-12-18,10,50,18/12/2012,HA1,2012,F,Adult,0,0,0,0,0,303.7037037,1
79615341,79615341-2012-12-18,20,10,18/12/2012,HA1,2012,M,Adult,0,35.29411765,1,0,0,129.4117647,1
67123336,67123336-2012-12-18,20,50,18/12/2012,HA1,2012,M,Adult,1,0,0,222.2222222,1,2022.222222,1
79630010,79630010-2012-12-18,30,60,18/12/2012,HA1,2012,F,Adult,0,0,0,0,0,43.47826087,1
66828572,66828572-2012-12-18,40,20,18/12/2012,HA1,2012,M,Adult,0,0,0,0,0,0,0
79793093,79793093-2012-12-19,100,20,19/12/2012,HA1,2012,M,Adult,1,92.43697479,1,58.82352941,1,0,0
79783063,79783063-2012-12-19,100,90,19/12/2012,HA1,2012,F,Adult,0,0,0,0,0,3.03030303,1
79786569,79786569-2012-12-19,50,50,19/12/2012,HA1,2012,M,Adult,0,0,0,0,0,0,0
79627270,79627270-2012-12-20,100,100,20/12/2012,HA1,2012,M,Adult,1,0,0,0,0,0,0
79625618,79625618-2012-12-20,80,10,20/12/2012,HA1,2012,F,Adult,0,0,0,0,0,15.55555556,1
67083260,67083260-2012-12-20,80,90,20/12/2012,HA1,2012,M,Adult,0,0,0,0,0,0,0
79786360,79786360-2012-08-30,30,0,30/08/2012,HA1,2012,F,Adult,0,0,0,0,0,0,0
79786360,79786360-2012-09-12,40,20,12/09/2012,HA1,2012,NA,NA,0,0,0,0,0,0,0
79786360,79786360-2012-10-09,20,10,09/10/2012,HA1,2012,F,Adult,0,0,0,0,0,0,0
49811771,49811771-2012-07-05,30,20,05/07/2012,HA1,2012,F,NA,0,0,0,NA,NA,NA,NA
49811771,49811771-2012-07-19,20,20,19/07/2012,HA1,2012,F,NA,0,0,0,0,0,0,0
49811771,49811771-2012-08-01,10,0,01/08/2012,HA1,2012,F,NA,0,0,0,0,0,4.651162791,1
49811771,49811771-2012-08-15,30,50,15/08/2012,HA1,2012,F,NA,0,0,0,0,0,25,1
49811771,49811771-2012-08-30,30,20,30/08/2012,HA1,2012,F,Adult,0,31.91489362,1,0,0,0,0
49811771,49811771-2012-09-12,30,40,12/09/2012,HA1,2012,F,NA,0,0,0,0,0,0,0
49811771,49811771-2012-09-27,10,60,27/09/2012,HA1,2012,F,Adult,0,0,0,0,0,0,0
49811771,49811771-2012-09-28,30,40,28/09/2012,HA1,2012,F,NA,0,2.43902439,1,0,0,0,0
49827572,49827572-2012-06-08,30,60,08/06/2012,HA1,2012,NA,NA,0,NA,NA,NA,NA,NA,NA
79786569,79786569-2012-10-11,70,90,11/10/2012,HA1,2012,M,NA,0,0,0,860,1,0,0
49829569,49829569-2012-06-19,40,20,19/06/2012,HA1,2012,F,Adult,0,0,0,0,0,278.9473684,1
79786569,79786569-2012-10-24,70,50,24/10/2012,HA1,2012,M,NA,0,0,0,0,0,0,0
79786569,79786569-2012-11-07,70,60,07/11/2012,HA1,2012,M,NA,0,0,0,1983.333333,1,0,0
79786569,79786569-2012-11-08,60,30,08/11/2012,HA1,2012,M,NA,0,NA,NA,NA,NA,NA,NA
49847790,49847790-2012-06-07,10,90,07/06/2012,HA1,2012,NA,NA,0,0,0,0,0,6.557377049,1
49847790,49847790-2012-07-05,0,100,05/07/2012,HA1,2012,NA,NA,0,0,0,NA,NA,NA,NA
52826884,52826884-2012-12-20,10,100,20/12/2012,HA1,2012,NA,NA,0,0,0,0,0,3.03030303,1
79790568,79790568-2012-09-28,90,90,28/09/2012,HA1,2012,NA,NA,0,638.2022472,1,0,0,8.988764045,1
52842550,52842550-2012-06-08,70,70,08/06/2012,HA1,2012,NA,NA,0,0,0,NA,NA,NA,NA
52842550,52842550-2012-06-21,30,70,21/06/2012,HA1,2012,NA,NA,0,0,0,0,0,3.448275862,1
52842550,52842550-2012-07-04,70,60,04/07/2012,HA1,2012,NA,NA,0,0,0,0,0,0,0
52842550,52842550-2012-08-01,70,90,01/08/2012,HA1,2012,NA,NA,0,0,0,35.71428571,1,14.28571429,1
52842550,52842550-2012-08-02,80,100,02/08/2012,HA1,2012,NA,NA,0,0,0,0,0,5.063291139,1
52842550,52842550-2012-08-16,70,60,16/08/2012,HA1,2012,NA,NA,0,0,0,0,0,0,0
52842550,52842550-2012-08-29,50,100,29/08/2012,HA1,2012,NA,NA,0,0,0,0,0,2.459016393,1
66808052,66808052-2012-10-10,0,10,10/10/2012,HA1,2012,M,NA,0,0,0,0,0,0,0
66808052,66808052-2012-10-24,20,20,24/10/2012,HA1,2012,M,NA,0,0,0,0,0,0,0
66808052,66808052-2012-11-08,10,20,08/11/2012,HA1,2012,M,NA,0,0,0,0,0,0,0
66808052,66808052-2012-11-22,20,20,22/11/2012,HA1,2012,M,NA,0,NA,NA,NA,NA,NA,NA
66809616,66809616-2012-08-01,80,0,01/08/2012,HA1,2012,NA,NA,0,0,0,0,0,0,0
66810112,66810112-2012-09-25,90,60,25/09/2012,HA1,2012,NA,NA,0,0,0,0,0,0,0
66810112,66810112-2012-09-28,80,60,28/09/2012,HA1,2012,M,NA,0,0,0,NA,NA,NA,NA
66810301,66810301-2012-09-11,0,100,11/09/2012,HA1,2012,M,NA,0,0,0,0,0,0,0
66810776,66810776-2012-08-01,70,10,01/08/2012,HA1,2012,NA,NA,0,0,0,0,0,100,1
66810776,66810776-2012-08-29,70,90,29/08/2012,HA1,2012,NA,NA,0,0,0,0,0,0,0
66815612,66815612-2012-08-15,100,90,15/08/2012,HA1,2012,F,Adult,0,0,0,5082.352941,1,0,0
66818332,66818332-2012-09-12,10,80,12/09/2012,HA1,2012,NA,NA,0,0,0,0,0,0,0
66818332,66818332-2012-09-25,10,70,25/09/2012,HA1,2012,NA,NA,0,9.302325581,1,0,0,0,0
66821017,66821017-2012-10-10,0,30,10/10/2012,HA1,2012,NA,NA,0,0,0,0,0,0,0
79797793,79797793-2012-09-13,0,20,13/09/2012,HA1,2012,F,Adult,0,0,0,0,0,0,0
66828572,66828572-2012-09-25,100,10,25/09/2012,HA1,2012,M,NA,0,NA,NA,NA,NA,NA,NA
66828572,66828572-2012-10-24,40,20,24/10/2012,HA1,2012,M,NA,1,0,0,0,0,0,0
66828572,66828572-2012-11-21,40,10,21/11/2012,HA1,2012,M,NA,0,0,0,0,0,0,0
66828572,66828572-2012-11-22,60,10,22/11/2012,HA1,2012,M,NA,0,0,0,0,0,0,0
66828572,66828572-2012-12-05,40,10,05/12/2012,HA1,2012,M,NA,0,NA,NA,NA,NA,NA,NA
66828572,66828572-2012-12-19,30,20,19/12/2012,HA1,2012,M,NA,0,0,0,0,0,0,0
66828572,66828572-2012-12-20,40,30,20/12/2012,HA1,2012,M,NA,0,NA,NA,NA,NA,NA,NA
66843623,66843623-2012-08-16,80,60,16/08/2012,HA1,2012,M,NA,0,644.4444444,1,0,0,0,0
66843623,66843623-2012-10-25,100,90,25/10/2012,HA1,2012,M,NA,1,0,0,0,0,60,1
66843623,66843623-2012-12-05,100,100,05/12/2012,HA1,2012,M,NA,0,NA,NA,NA,NA,NA,NA
66845816,66845816-2012-09-27,50,100,27/09/2012,HA1,2012,F,NA,1,0,0,0,0,0,0
66845816,66845816-2012-09-28,50,90,28/09/2012,HA1,2012,F,NA,1,0,0,NA,NA,NA,NA
66845816,66845816-2012-10-09,60,90,09/10/2012,HA1,2012,F,Adult,1,0,0,0,0,0,0
66845816,66845816-2012-10-24,50,80,24/10/2012,HA1,2012,F,NA,1,0,0,9542.857143,1,0,0
66845816,66845816-2012-10-25,40,90,25/10/2012,HA1,2012,F,NA,0,300,1,0,0,0,0
66845816,66845816-2012-11-21,60,70,21/11/2012,HA1,2012,F,NA,0,1516.129032,1,0,0,0,0
66845816,66845816-2012-12-06,60,90,06/12/2012,HA1,2012,F,NA,0,0,0,0,0,0,0
66845816,66845816-2012-12-19,50,70,19/12/2012,HA1,2012,F,NA,0,0,0,0,0,0,0
NA,NA-2012-09-11,40,70,11/09/2012,HA1,2012,M,NA,0,NA,NA,NA,NA,NA,NA
66853619,66853619-2012-09-12,0,100,12/09/2012,HA1,2012,NA,NA,0,0,0,0,0,0,0
66853619,66853619-2012-09-27,10,90,27/09/2012,HA1,2012,M,Adult,1,0,0,0,0,0,0
66853619,66853619-2012-09-28,0,80,28/09/2012,HA1,2012,NA,NA,0,0,0,0,0,0,0
NA,NA-2012-09-25,90,0,25/09/2012,HA1,2012,NA,NA,0,NA,NA,NA,NA,NA,NA
NA,NA-2012-09-25,80,90,25/09/2012,HA1,2012,NA,NA,0,NA,NA,NA,NA,NA,NA
NA,NA-2012-09-25,90,20,25/09/2012,HA1,2012,NA,NA,0,NA,NA,NA,NA,NA,NA
NA,NA-2012-09-25,90,80,25/09/2012,HA1,2012,NA,NA,0,NA,NA,NA,NA,NA,NA
NA,NA-2012-09-25,100,10,25/09/2012,HA1,2012,NA,NA,0,NA,NA,NA,NA,NA,NA
NA,NA-2012-09-25,100,20,25/09/2012,HA1,2012,NA,NA,0,NA,NA,NA,NA,NA,NA
NA,NA-2012-09-28,20,100,28/09/2012,HA1,2012,F,NA,0,NA,NA,NA,NA,NA,NA
66855330,66855330-2012-06-06,10,50,06/06/2012,HA1,2012,M,Adult,0,0,0,0,0,0,0
66855330,66855330-2012-07-04,10,30,04/07/2012,HA1,2012,NA,NA,1,0,0,0,0,0,0
66855330,66855330-2012-07-05,30,0,05/07/2012,HA1,2012,NA,NA,1,0,0,0,0,0,0
66855330,66855330-2012-07-19,100,20,19/07/2012,HA1,2012,M,Adult,1,0,0,0,0,0,0
66855330,66855330-2012-07-31,70,50,31/07/2012,HA1,2012,M,Adult,1,0,0,0,0,9.090909091,1
66855330,66855330-2012-08-01,100,20,01/08/2012,HA1,2012,NA,NA,1,0,0,0,0,36.36363636,1
66855330,66855330-2012-08-02,100,20,02/08/2012,HA1,2012,NA,NA,1,0,0,0,0,0,0
66855330,66855330-2012-08-14,100,80,14/08/2012,HA1,2012,M,Adult,1,0,0,0,0,0,0
66855330,66855330-2012-08-15,10,30,15/08/2012,HA1,2012,M,Adult,1,0,0,0,0,0,0
NA,NA-2012-10-09,100,10,09/10/2012,HA1,2012,M,Adult,0,NA,NA,NA,NA,NA,NA
66855566,66855566-2012-06-08,100,30,08/06/2012,HA1,2012,NA,NA,0,1274.285714,1,0,0,0,0
66855566,66855566-2012-08-15,80,100,15/08/2012,HA1,2012,NA,NA,0,0,0,NA,NA,NA,NA
66859820,66859820-2012-08-02,0,50,02/08/2012,HA1,2012,NA,NA,0,0,0,0,0,51.61290323,1
66859820,66859820-2012-08-30,40,60,30/08/2012,HA1,2012,M,Adult,0,0,0,0,0,15.38461538,1
66859820,66859820-2012-09-12,40,60,12/09/2012,HA1,2012,NA,NA,0,0,0,0,0,0,0
66859820,66859820-2012-09-13,10,100,13/09/2012,HA1,2012,NA,NA,0,NA,NA,NA,NA,NA,NA
NA,NA-2012-12-04,0,100,04/12/2012,HA1,2012,NA,NA,0,0,0,0,0,78.94736842,1
NA,NA-2012-12-18,100,10,18/12/2012,HA1,2012,NA,NA,0,NA,NA,NA,NA,NA,NA
66865371,66865371-2012-06-08,30,70,08/06/2012,HA1,2012,NA,NA,0,0,0,0,0,10.34482759,1
66865371,66865371-2012-06-20,0,30,20/06/2012,HA1,2012,NA,NA,0,0,0,0,0,0,0
66865371,66865371-2012-06-21,0,10,21/06/2012,HA1,2012,NA,NA,0,0,0,0,0,0,0
66866525,66866525-2012-06-08,80,90,08/06/2012,HA1,2012,M,Adult,0,9200,1,0,0,666.6666667,1
66866543,66866543-2012-09-28,60,20,28/09/2012,HA1,2012,NA,NA,0,0,0,0,0,0,0
66866819,66866819-2012-10-25,50,40,25/10/2012,HA1,2012,NA,NA,0,0,0,0,0,0,0
66866819,66866819-2012-11-08,80,40,08/11/2012,HA1,2012,NA,NA,0,0,0,0,0,0,0
66867586,66867586-2012-09-28,0,50,28/09/2012,HA1,2012,NA,NA,0,0,0,0,0,15.38461538,1
66867586,66867586-2012-10-11,10,60,11/10/2012,HA1,2012,NA,NA,0,NA,NA,NA,NA,NA,NA
66867845,66867845-2012-10-10,70,80,10/10/2012,HA1,2012,NA,NA,0,0,0,311.1111111,1,0,0
66867845,66867845-2012-10-25,70,80,25/10/2012,HA1,2012,NA,NA,0,0,0,0,0,0,0
66867845,66867845-2012-11-08,70,90,08/11/2012,HA1,2012,NA,NA,0,0,0,0,0,0,0
66867845,66867845-2012-11-21,50,100,21/11/2012,HA1,2012,NA,NA,0,0,0,0,0,0,0
66867845,66867845-2012-12-19,80,70,19/12/2012,HA1,2012,NA,NA,0,0,0,0,0,0,0
66867845,66867845-2012-12-20,70,90,20/12/2012,HA1,2012,NA,NA,0,0,0,0,0,0,0
66869343,66869343-2012-09-25,60,90,25/09/2012,HA1,2012,NA,NA,0,0,0,0,0,0,0
66872112,66872112-2012-10-10,0,60,10/10/2012,HA1,2012,NA,NA,0,0,0,0,0,5.263157895,1
66872112,66872112-2012-10-11,0,50,11/10/2012,HA1,2012,NA,NA,0,NA,NA,NA,NA,NA,NA
66872112,66872112-2012-10-24,0,40,24/10/2012,HA1,2012,NA,NA,0,0,0,0,0,0,0
66872112,66872112-2012-11-21,10,70,21/11/2012,HA1,2012,NA,NA,0,0,0,0,0,0,0
66872112,66872112-2012-12-05,10,50,05/12/2012,HA1,2012,NA,NA,0,0,0,0,0,0,0
66872112,66872112-2012-12-06,20,50,06/12/2012,HA1,2012,NA,NA,0,0,0,0,0,5.882352941,1
66874822,66874822-2012-12-19,80,100,19/12/2012,HA1,2012,NA,NA,1,0,0,0,0,0,0
66877366,66877366-2012-09-25,30,0,25/09/2012,HA1,2012,M,NotAdult,1,0,0,0,0,0,0
66877366,66877366-2012-09-27,0,0,27/09/2012,HA1,2012,NA,NA,0,0,0,0,0,0,0
66878317,66878317-2012-09-28,0,70,28/09/2012,HA1,2012,NA,NA,1,0,0,0,0,0,0
66878317,66878317-2012-10-10,10,90,10/10/2012,HA1,2012,NA,NA,0,0,0,0,0,0,0
66878317,66878317-2012-10-25,10,70,25/10/2012,HA1,2012,NA,NA,1,10080,1,0,0,0,0
66878317,66878317-2012-11-08,20,70,08/11/2012,HA1,2012,NA,NA,0,0,0,0,0,0,0
66878865,66878865-2012-06-20,90,70,20/06/2012,HA1,2012,NA,NA,0,0,0,0,0,0,0
66878865,66878865-2012-07-04,50,0,04/07/2012,HA1,2012,NA,NA,0,0,0,0,0,0,0
66878865,66878865-2012-08-01,100,30,01/08/2012,HA1,2012,NA,NA,0,0,0,0,0,0,0
66878865,66878865-2012-08-02,100,10,02/08/2012,HA1,2012,NA,NA,0,0,0,0,0,0,0
66878865,66878865-2012-08-16,90,30,16/08/2012,HA1,2012,NA,NA,0,0,0,0,0,0,0
66879360,66879360-2012-09-25,30,100,25/09/2012,HA1,2012,F,NotAdult,0,4,1,88,1,0,0
66881074,66881074-2012-09-27,40,100,27/09/2012,HA1,2012,NA,NA,1,0,0,0,0,0,0
66882554,66882554-2012-06-07,0,0,07/06/2012,HA1,2012,NA,NA,0,3520,1,0,0,0,0
66883112,66883112-2012-06-08,70,100,08/06/2012,HA1,2012,NA,NA,0,0,0,0,0,16.90140845,1
66883112,66883112-2012-06-08,80,80,08/06/2012,HA1,2012,NA,NA,0,0,0,0,0,0,0
66889018,66889018-2012-07-04,30,0,04/07/2012,HA1,2012,NA,NA,1,0,0,0,0,0,0
66889018,66889018-2012-07-05,0,20,05/07/2012,HA1,2012,NA,NA,1,0,0,NA,NA,NA,NA
66889018,66889018-2012-08-01,0,10,01/08/2012,HA1,2012,NA,NA,1,0,0,0,0,0,0
66889018,66889018-2012-08-02,0,10,02/08/2012,HA1,2012,NA,NA,1,0,0,0,0,0,0
66889018,66889018-2012-12-05,10,30,05/12/2012,HA1,2012,F,Adult,1,NA,NA,NA,NA,NA,NA
66890033,66890033-2012-06-07,10,60,07/06/2012,HA1,2012,F,NA,0,0,0,0,0,5,1
66890033,66890033-2012-06-08,0,60,08/06/2012,HA1,2012,F,NA,0,0,0,0,0,17.14285714,1
66890033,66890033-2012-06-20,20,60,20/06/2012,HA1,2012,F,NA,0,0,0,0,0,3.488372093,1
66890033,66890033-2012-07-04,0,40,04/07/2012,HA1,2012,F,NA,0,0,0,0,0,0,0
66890033,66890033-2012-07-18,0,0,18/07/2012,HA1,2012,F,NA,0,0,0,0,0,0,0
66890033,66890033-2012-07-31,10,60,31/07/2012,HA1,2012,F,Adult,1,0,0,900,1,0,0
66890033,66890033-2012-08-01,10,30,01/08/2012,HA1,2012,F,NA,0,0,0,340,1,0,0
66890033,66890033-2012-08-02,10,70,02/08/2012,HA1,2012,F,NA,1,0,0,0,0,0,0
66890033,66890033-2012-08-14,0,40,14/08/2012,HA1,2012,F,Adult,1,0,0,NA,NA,NA,NA
66890033,66890033-2012-08-15,10,50,15/08/2012,HA1,2012,F,NA,1,0,0,0,0,0,0
66890033,66890033-2012-08-28,20,50,28/08/2012,HA1,2012,F,Adult,1,0,0,0,0,0,0
66890033,66890033-2012-08-29,10,80,29/08/2012,HA1,2012,F,Adult,1,NA,NA,NA,NA,NA,NA
66890033,66890033-2012-08-30,10,60,30/08/2012,HA1,2012,F,NA,0,3.125,1,0,0,0,0
66891022,66891022-2012-06-08,100,10,08/06/2012,HA1,2012,NA,NA,0,1035.714286,1,414.2857143,1,142.8571429,1
66893321,66893321-2012-09-27,60,70,27/09/2012,HA1,2012,M,Adult,0,0,0,0,0,0,0
66893321,66893321-2012-09-28,70,70,28/09/2012,HA1,2012,NA,NA,0,0,0,0,0,0,0
66893321,66893321-2012-12-20,90,0,20/12/2012,HA1,2012,NA,NA,0,0,0,0,0,19.71830986,1
66980033,66980033-2012-07-05,0,30,05/07/2012,HA1,2012,NA,NA,0,0,0,0,0,4.347826087,1
67001638,67001638-2012-06-07,50,60,07/06/2012,HA1,2012,NA,NA,0,0,0,0,0,3.125,1
67002542,67002542-2012-08-01,20,0,01/08/2012,HA1,2012,NA,NA,1,0,0,0,0,0,0
67002542,67002542-2012-08-29,10,30,29/08/2012,HA1,2012,M,Adult,1,NA,NA,NA,NA,NA,NA
67002542,67002542-2012-09-12,0,10,12/09/2012,HA1,2012,M,NA,1,0,0,0,0,0,0
67006795,67006795-2012-09-28,0,60,28/09/2012,HA1,2012,NA,NA,0,0,0,0,0,0,0
67006795,67006795-2012-10-10,20,30,10/10/2012,HA1,2012,NA,NA,0,0,0,6600,1,0,0
67007859,67007859-2012-06-19,20,50,19/06/2012,HA1,2012,NA,NA,0,0,0,NA,NA,NA,NA
67007859,67007859-2012-06-20,20,40,20/06/2012,HA1,2012,NA,NA,1,0,0,675.4098361,1,0,0
67007859,67007859-2012-07-17,0,20,17/07/2012,HA1,2012,F,Adult,1,0,0,0,0,0,0
67007859,67007859-2012-07-31,10,30,31/07/2012,HA1,2012,NA,NA,0,NA,NA,0,0,0,0
67010260,67010260-2012-09-28,0,20,28/09/2012,HA1,2012,NA,NA,0,0,0,0,0,0,0
67069635,67069635-2012-10-24,40,10,24/10/2012,HA1,2012,F,NA,0,0,0,NA,NA,NA,NA
67069635,67069635-2012-10-25,30,0,25/10/2012,HA1,2012,NA,NA,0,0,0,0,0,0,0
67070550,67070550-2012-08-01,10,90,01/08/2012,HA1,2012,NA,NA,1,0,0,0,0,0,0
67070550,67070550-2012-08-02,50,40,02/08/2012,HA1,2012,NA,NA,1,0,0,0,0,0,0
67070550,67070550-2012-08-15,10,90,15/08/2012,HA1,2012,NA,NA,1,28.57142857,1,35.71428571,1,0,0
67070550,67070550-2012-08-16,20,70,16/08/2012,HA1,2012,NA,NA,1,0,0,0,0,0,0
67070550,67070550-2012-08-29,20,100,29/08/2012,HA1,2012,NA,NA,0,0,0,0,0,0,0
67071772,67071772-2012-09-13,60,80,13/09/2012,HA1,2012,M,Adult,1,0,0,0,0,0,0
67074851,67074851-2012-08-15,10,70,15/08/2012,HA1,2012,M,NA,1,272.7272727,1,0,0,109.0909091,1
67074851,67074851-2012-08-16,10,60,16/08/2012,HA1,2012,M,NA,1,10.34482759,1,0,0,3.448275862,1
67074851,67074851-2012-08-29,20,80,29/08/2012,HA1,2012,M,Adult,1,0,0,0,0,0,0
67074851,67074851-2012-08-30,0,80,30/08/2012,HA1,2012,M,NA,1,0,0,0,0,0,0
67074851,67074851-2012-09-11,20,70,11/09/2012,HA1,2012,M,NA,1,8000,1,0,0,0,0
67074851,67074851-2012-09-13,0,70,13/09/2012,HA1,2012,M,NA,0,91.66666667,1,10.41666667,1,0,0
67075638,67075638-2012-10-25,20,40,25/10/2012,HA1,2012,NA,NA,0,0,0,NA,NA,NA,NA
67078537,67078537-2012-12-05,50,40,05/12/2012,HA1,2012,M,Adult,0,0,0,0,0,136.3636364,1
67078537,67078537-2012-12-18,10,20,18/12/2012,HA1,2012,M,Adult,0,0,0,0,0,403.2258065,1
67078537,67078537-2012-12-19,20,70,19/12/2012,HA1,2012,NA,NA,0,0,0,0,0,5.555555556,1
67078537,67078537-2012-12-20,40,20,20/12/2012,HA1,2012,NA,NA,0,0,0,0,0,11.53846154,1
67078627,67078627-2012-09-27,90,60,27/09/2012,HA1,2012,F,Adult,1,0,0,0,0,0,0
67078627,67078627-2012-10-10,80,50,10/10/2012,HA1,2012,NA,NA,0,NA,NA,NA,NA,NA,NA
67079854,67079854-2012-09-27,80,20,27/09/2012,HA1,2012,NA,NA,1,0,0,0,0,0,0
67079854,67079854-2012-09-28,70,0,28/09/2012,HA1,2012,NA,NA,1,0,0,0,0,0,0
67079854,67079854-2012-10-10,40,40,10/10/2012,HA1,2012,NA,NA,1,0,0,0,0,0,0
67079854,67079854-2012-10-11,60,20,11/10/2012,HA1,2012,NA,NA,1,0,0,0,0,0,0
67080373,67080373-2012-08-30,40,100,30/08/2012,HA1,2012,M,Adult,1,0,0,0,0,5,1
67080373,67080373-2012-09-27,70,90,27/09/2012,HA1,2012,NA,NA,1,0,0,0,0,0,0
67080373,67080373-2012-09-28,50,60,28/09/2012,HA1,2012,NA,NA,1,0,0,369.047619,1,2.380952381,1
67080373,67080373-2012-10-25,50,60,25/10/2012,HA1,2012,NA,NA,1,1226.086957,1,0,0,0,0
67083005,67083005-2012-09-27,0,20,27/09/2012,HA1,2012,NA,NA,0,0,0,135.7142857,1,0,0
67086558,67086558-2012-10-24,100,90,24/10/2012,HA1,2012,F,Adult,1,0,0,0,0,0,0
67088045,67088045-2012-08-01,80,90,01/08/2012,HA1,2012,NA,NA,0,0,0,0,0,0,0
67088327,67088327-2012-11-08,100,100,08/11/2012,HA1,2012,F,Adult,0,0,0,0,0,0,0
67088367,67088367-2012-10-25,50,30,25/10/2012,HA1,2012,NA,NA,0,0,0,0,0,0,0
67088839,67088839-2012-10-24,20,60,24/10/2012,HA1,2012,NA,NA,0,11377.77778,1,0,0,0,0
67089554,67089554-2012-09-27,40,80,27/09/2012,HA1,2012,NA,NA,0,370.3703704,1,0,0,0,0
67089554,67089554-2012-09-28,30,80,28/09/2012,HA1,2012,NA,NA,0,0,0,NA,NA,NA,NA
67089554,67089554-2012-10-10,30,100,10/10/2012,HA1,2012,NA,NA,0,0,0,NA,NA,NA,NA
67091302,67091302-2012-08-01,20,20,01/08/2012,HA1,2012,NA,NA,0,0,0,0,0,0,0
67091302,67091302-2012-08-02,30,10,02/08/2012,HA1,2012,NA,NA,0,0,0,0,0,0,0
67091302,67091302-2012-08-30,30,20,30/08/2012,HA1,2012,NA,NA,0,0,0,0,0,0,0
67091302,67091302-2012-09-12,10,20,12/09/2012,HA1,2012,NA,NA,0,0,0,0,0,0,0
67091302,67091302-2012-09-27,20,30,27/09/2012,HA1,2012,NA,NA,0,0,0,0,0,0,0
67091302,67091302-2012-09-28,0,30,28/09/2012,HA1,2012,NA,NA,0,0,0,0,0,0,0
67091307,67091307-2012-08-29,20,10,29/08/2012,HA1,2012,NA,NA,0,11.11111111,1,11.11111111,1,0,0
67094099,67094099-2012-07-18,10,80,18/07/2012,HA1,2012,NA,NA,0,40,1,586.6666667,1,0,0
67094099,67094099-2012-07-19,90,70,19/07/2012,HA1,2012,NA,NA,0,0,0,13.33333333,1,0,0
67094099,67094099-2012-08-15,80,60,15/08/2012,HA1,2012,NA,NA,0,0,0,NA,NA,NA,NA
67094344,67094344-2012-12-05,30,100,05/12/2012,HA1,2012,M,Adult,1,0,0,NA,NA,NA,NA
67095127,67095127-2012-11-07,10,0,07/11/2012,HA1,2012,NA,NA,1,0,0,0,0,0,0
67095127,67095127-2012-12-19,10,0,19/12/2012,HA1,2012,NA,NA,1,208.1081081,1,67.56756757,1,0,0
67095127,67095127-2012-12-20,10,0,20/12/2012,HA1,2012,NA,NA,1,7.594936709,1,5.063291139,1,0,0
67095515,67095515-2012-07-05,10,90,05/07/2012,HA1,2012,NA,NA,1,0,0,0,0,0,0
67120021,67120021-2012-11-08,80,0,08/11/2012,HA1,2012,NA,NA,0,0,0,0,0,0,0
67123336,67123336-2012-12-20,20,50,20/12/2012,HA1,2012,NA,NA,1,0,0,13.95348837,1,0,0
67125021,67125021-2012-06-21,70,10,21/06/2012,HA1,2012,M,NA,0,0,0,NA,NA,NA,NA
67125021,67125021-2012-07-04,30,100,04/07/2012,HA1,2012,M,NA,0,0,0,0,0,0,0
67125021,67125021-2012-07-05,80,70,05/07/2012,HA1,2012,M,NA,0,0,0,0,0,0,0
67125021,67125021-2012-08-01,20,50,01/08/2012,HA1,2012,M,NA,0,0,0,0,0,0,0
67125021,67125021-2012-08-16,80,0,16/08/2012,HA1,2012,M,NA,0,0,0,0,0,0,0
67125021,67125021-2012-08-28,50,40,28/08/2012,HA1,2012,M,Adult,0,33.33333333,1,0,0,0,0
67125021,67125021-2012-08-30,50,30,30/08/2012,HA1,2012,M,Adult,0,0,0,0,0,3.225806452,1
67125021,67125021-2012-09-11,50,20,11/09/2012,HA1,2012,M,Adult,0,0,0,0,0,11.11111111,1
67125021,67125021-2012-09-25,30,40,25/09/2012,HA1,2012,M,Adult,0,0,0,NA,NA,NA,NA
67125021,67125021-2012-09-27,0,20,27/09/2012,HA1,2012,M,NA,0,0,0,0,0,0,0
67125021,67125021-2012-09-28,30,50,28/09/2012,HA1,2012,M,NA,0,0,0,0,0,0,0
67125021,67125021-2012-10-09,10,30,09/10/2012,HA1,2012,M,Adult,0,56160,1,0,0,0,0
67125021,67125021-2012-10-10,40,30,10/10/2012,HA1,2012,M,NA,0,9.090909091,1,0,0,0,0
67125021,67125021-2012-10-11,30,40,11/10/2012,HA1,2012,M,NA,0,0,0,0,0,0,0
67125021,67125021-2012-10-23,30,40,23/10/2012,HA1,2012,M,Adult,0,0,0,0,0,0,0
67125021,67125021-2012-10-24,10,20,24/10/2012,HA1,2012,M,NA,0,0,0,0,0,0,0
67125021,67125021-2012-10-25,20,20,25/10/2012,HA1,2012,M,NA,0,0,0,0,0,0,0
67125021,67125021-2012-11-07,20,50,07/11/2012,HA1,2012,M,Adult,0,0,0,0,0,0,0
67125021,67125021-2012-11-20,20,50,20/11/2012,HA1,2012,M,Adult,0,0,0,0,0,0,0
67125021,67125021-2012-12-04,20,20,04/12/2012,HA1,2012,M,Adult,0,0,0,0,0,0,0
67125021,67125021-2012-12-05,20,40,05/12/2012,HA1,2012,NA,NA,0,0,0,0,0,0,0
67259597,67259597-2012-06-20,100,30,20/06/2012,HA1,2012,NA,NA,0,0,0,0,0,0,0
67259597,67259597-2012-06-21,100,30,21/06/2012,HA1,2012,NA,NA,0,0,0,0,0,9.090909091,1
67259597,67259597-2012-08-14,100,10,14/08/2012,HA1,2012,F,Adult,0,151.3513514,1,0,0,0,0
67276819,67276819-2012-12-06,100,20,06/12/2012,HA1,2012,NA,NA,0,9536.842105,1,0,0,0,0
67276819,67276819-2012-12-18,100,50,18/12/2012,HA1,2012,F,Adult,1,0,0,0,0,0,0
67276819,67276819-2012-12-19,100,30,19/12/2012,HA1,2012,NA,NA,0,0,0,0,0,0,0
67279086,67279086-2012-06-20,0,0,20/06/2012,HA1,2012,NA,NA,1,0,0,0,0,4,1
67279792,67279792-2012-07-05,80,70,05/07/2012,HA1,2012,NA,NA,1,0,0,0,0,0,0
67279792,67279792-2012-09-12,10,70,12/09/2012,HA1,2012,NA,NA,1,23.07692308,1,0,0,0,0
67279792,67279792-2012-09-13,30,40,13/09/2012,HA1,2012,NA,NA,1,0,0,0,0,0,0
67279792,67279792-2012-12-05,0,90,05/12/2012,HA1,2012,NA,NA,1,0,0,0,0,3.278688525,1
79609626,79609626-2012-11-07,80,100,07/11/2012,HA1,2012,M,Adult,1,0,0,0,0,0,0
79609626,79609626-2012-11-08,80,100,08/11/2012,HA1,2012,NA,NA,0,0,0,0,0,0,0
79609626,79609626-2012-12-05,100,100,05/12/2012,HA1,2012,NA,NA,0,NA,NA,NA,NA,NA,NA
79609832,79609832-2012-09-28,100,10,28/09/2012,HA1,2012,M,Adult,1,0,0,258.6666667,1,2.666666667,1
79609832,79609832-2012-10-10,90,40,10/10/2012,HA1,2012,NA,NA,0,0,0,0,0,0,0
79609832,79609832-2012-10-11,100,40,11/10/2012,HA1,2012,NA,NA,0,0,0,0,0,0,0
79609832,79609832-2012-10-24,100,30,24/10/2012,HA1,2012,M,NA,1,0,0,0,0,0,0
79609832,79609832-2012-10-25,100,30,25/10/2012,HA1,2012,NA,NA,1,0,0,0,0,0,0
79609832,79609832-2012-11-08,80,30,08/11/2012,HA1,2012,NA,NA,0,0,0,0,0,0,0
79609832,79609832-2012-11-20,100,60,20/11/2012,HA1,2012,M,Adult,1,0,0,0,0,0,0
79609832,79609832-2012-11-21,100,70,21/11/2012,HA1,2012,NA,NA,0,0,0,0,0,0,0
79609832,79609832-2012-12-04,70,50,04/12/2012,HA1,2012,M,Adult,1,0,0,0,0,0,0
79609832,79609832-2012-12-18,100,50,18/12/2012,HA1,2012,M,Adult,1,0,0,0,0,0,0
79610290,79610290-2012-08-29,0,90,29/08/2012,HA1,2012,M,Adult,1,0,0,291.6666667,1,0,0
79610290,79610290-2012-08-30,0,100,30/08/2012,HA1,2012,NA,NA,0,0,0,0,0,0,0
79613350,79613350-2012-08-30,10,80,30/08/2012,HA1,2012,M,Adult,1,16.66666667,1,0,0,0,0
79613616,79613616-2012-10-10,70,50,10/10/2012,HA1,2012,F,Adult,0,0,0,13200,1,0,0
79613616,79613616-2012-10-11,60,60,11/10/2012,HA1,2012,NA,NA,0,7.317073171,1,36.58536585,1,0,0
79614576,79614576-2012-11-22,0,30,22/11/2012,HA1,2012,NA,NA,0,8.695652174,1,0,0,95.65217391,1
79614576,79614576-2012-12-05,10,40,05/12/2012,HA1,2012,NA,NA,0,0,0,0,0,36.36363636,1
79614576,79614576-2012-12-19,10,20,19/12/2012,HA1,2012,NA,NA,0,0,0,0,0,47.82608696,1
79615038,79615038-2012-10-24,50,100,24/10/2012,HA1,2012,NA,NA,1,0,0,28.57142857,1,0,0
79615038,79615038-2012-10-25,70,100,25/10/2012,HA1,2012,NA,NA,0,0,0,NA,NA,NA,NA
79615038,79615038-2012-11-21,60,100,21/11/2012,HA1,2012,NA,NA,1,0,0,0,0,0,0
79615038,79615038-2012-12-06,30,90,06/12/2012,HA1,2012,NA,NA,1,0,0,0,0,0,0
79615038,79615038-2012-12-20,60,100,20/12/2012,HA1,2012,NA,NA,0,0,0,0,0,0,0
79615341,79615341-2012-12-05,20,0,05/12/2012,HA1,2012,M,Adult,0,87.5,1,0,0,143.75,1
79615341,79615341-2012-12-06,0,10,06/12/2012,HA1,2012,NA,NA,0,164,1,0,0,148,1
79615341,79615341-2012-12-20,10,10,20/12/2012,HA1,2012,NA,NA,0,NA,NA,NA,NA,NA,NA
79617035,79617035-2012-10-10,100,10,10/10/2012,HA1,2012,NA,NA,0,0,0,41.66666667,1,0,0
79617035,79617035-2012-10-11,100,0,11/10/2012,HA1,2012,NA,NA,0,0,0,0,0,0,0
79618812,79618812-2012-08-15,50,40,15/08/2012,HA1,2012,NA,NA,0,23236.36364,1,0,0,0,0
79618812,79618812-2012-08-29,90,70,29/08/2012,HA1,2012,M,Adult,0,0,0,11845.16129,1,3.225806452,1
79618812,79618812-2012-08-30,70,60,30/08/2012,HA1,2012,M,Adult,0,0,0,131.884058,1,2.898550725,1
79618812,79618812-2012-09-12,50,30,12/09/2012,HA1,2012,NA,NA,0,0,0,0,0,37.5,1
79618812,79618812-2012-09-13,40,40,13/09/2012,HA1,2012,NA,NA,0,20.83333333,1,0,0,0,0
79618812,79618812-2012-09-27,60,40,27/09/2012,HA1,2012,M,Adult,0,0,0,0,0,61.97183099,1
79618812,79618812-2012-09-28,40,30,28/09/2012,HA1,2012,NA,NA,0,0,0,0,0,25,1
79619551,79619551-2012-10-23,0,0,23/10/2012,HA1,2012,M,Adult,1,0,0,0,0,0,0
79619551,79619551-2012-11-06,0,20,06/11/2012,HA1,2012,NA,NA,0,NA,NA,NA,NA,NA,NA
79622601,79622601-2012-10-10,90,50,10/10/2012,HA1,2012,M,Adult,1,0,0,0,0,13.33333333,1
79622601,79622601-2012-10-11,60,70,11/10/2012,HA1,2012,NA,NA,0,0,0,0,0,2.702702703,1
79623113,79623113-2012-09-11,100,80,11/09/2012,HA1,2012,F,Adult,0,0,0,0,0,0,0
79623797,79623797-2012-10-24,10,90,24/10/2012,HA1,2012,M,NA,0,0,0,0,0,0,0
79623797,79623797-2012-10-25,10,70,25/10/2012,HA1,2012,M,NA,0,0,0,0,0,38.46153846,1
79623797,79623797-2012-11-21,20,50,21/11/2012,HA1,2012,M,NA,0,0,0,0,0,2.127659574,1
79623797,79623797-2012-11-22,0,70,22/11/2012,HA1,2012,M,NA,0,0,0,0,0,69.35483871,1
79623797,79623797-2012-12-19,0,30,19/12/2012,HA1,2012,M,NA,0,0,0,0,0,7.692307692,1
79623859,79623859-2012-10-10,90,60,10/10/2012,HA1,2012,NA,NA,0,0,0,0,0,0,0
79623859,79623859-2012-10-11,90,70,11/10/2012,HA1,2012,NA,NA,0,0,0,0,0,0,0
79623859,79623859-2012-10-25,70,60,25/10/2012,HA1,2012,NA,NA,1,0,0,0,0,0,0
79625010,79625010-2012-09-25,100,60,25/09/2012,HA1,2012,NA,NA,0,NA,NA,NA,NA,NA,NA
79625010,79625010-2012-09-27,100,40,27/09/2012,HA1,2012,NA,NA,0,2400,1,0,0,0,0
79625342,79625342-2012-12-05,60,10,05/12/2012,HA1,2012,NA,NA,1,0,0,0,0,2.325581395,1
79625342,79625342-2012-12-19,80,0,19/12/2012,HA1,2012,NA,NA,1,0,0,0,0,0,0
79625342,79625342-2012-12-20,40,0,20/12/2012,HA1,2012,NA,NA,1,0,0,0,0,0,0
79625885,79625885-2012-10-10,30,100,10/10/2012,HA1,2012,NA,NA,0,0,0,NA,NA,NA,NA
79625885,79625885-2012-10-11,30,60,11/10/2012,HA1,2012,NA,NA,0,0,0,0,0,0,0
79626809,79626809-2012-10-24,100,70,24/10/2012,HA1,2012,M,NA,1,0,0,0,0,0,0
79626809,79626809-2012-10-25,80,70,25/10/2012,HA1,2012,NA,NA,1,0,0,0,0,0,0
79626809,79626809-2012-11-21,100,60,21/11/2012,HA1,2012,NA,NA,0,504,1,56,1,0,0
79626809,79626809-2012-11-22,100,90,22/11/2012,HA1,2012,NA,NA,0,0,0,0,0,22.72727273,1
79626809,79626809-2012-12-19,90,50,19/12/2012,HA1,2012,NA,NA,0,0,0,0,0,0,0
79626809,79626809-2012-12-20,80,50,20/12/2012,HA1,2012,NA,NA,0,0,0,0,0,0,0
79630010,79630010-2012-09-28,10,80,28/09/2012,HA1,2012,F,NA,0,0,0,0,0,0,0
79630010,79630010-2012-10-10,20,70,10/10/2012,HA1,2012,F,NA,0,0,0,0,0,0,0
79630010,79630010-2012-10-24,20,70,24/10/2012,HA1,2012,F,NA,0,0,0,0,0,0,0
79630010,79630010-2012-10-25,30,60,25/10/2012,HA1,2012,F,NA,0,31058.82353,1,0,0,0,0
79630010,79630010-2012-11-08,30,70,08/11/2012,HA1,2012,F,NA,0,0,0,192.5925926,1,0,0
79630010,79630010-2012-11-22,40,70,22/11/2012,HA1,2012,F,NA,0,2.5,1,0,0,0,0
79630010,79630010-2012-12-05,30,50,05/12/2012,HA1,2012,F,NA,0,1422.222222,1,0,0,0,0
79630010,79630010-2012-12-19,30,40,19/12/2012,HA1,2012,F,NA,0,0,0,0,0,1.449275362,1
79630010,79630010-2012-12-20,40,50,20/12/2012,HA1,2012,F,NA,0,0,0,0,0,0,0
79630102,79630102-2012-09-12,80,90,12/09/2012,HA1,2012,NA,NA,0,0,0,0,0,0,0
79630354,79630354-2012-12-05,100,0,05/12/2012,HA1,2012,NA,NA,1,0,0,0,0,3.448275862,1
79630354,79630354-2012-12-06,100,0,06/12/2012,HA1,2012,NA,NA,0,0,0,0,0,0,0
79630529,79630529-2012-12-06,100,100,06/12/2012,HA1,2012,NA,NA,0,12.82051282,1,84.61538462,1,30.76923077,1
79630840,79630840-2012-10-11,40,20,11/10/2012,HA1,2012,NA,NA,0,0,0,685.7142857,1,0,0
79631102,79631102-2012-12-20,20,10,20/12/2012,HA1,2012,F,Adult,0,54.36893204,1,62.13592233,1,34.95145631,1
79631608,79631608-2012-12-20,50,70,20/12/2012,HA1,2012,NA,NA,0,0,0,19.40298507,1,5.970149254,1
79632079,79632079-2012-09-27,80,90,27/09/2012,HA1,2012,F,Adult,0,0,0,0,0,0,0
79632292,79632292-2012-09-27,100,0,27/09/2012,HA1,2012,M,Adult,0,0,0,0,0,0,0
79632292,79632292-2012-09-28,80,0,28/09/2012,HA1,2012,NA,NA,0,0,0,0,0,0,0
79632292,79632292-2012-10-09,40,10,09/10/2012,HA1,2012,M,Adult,0,0,0,1527.272727,1,18.18181818,1
79632292,79632292-2012-10-23,20,10,23/10/2012,HA1,2012,M,Adult,0,0,0,0,0,4.347826087,1
79632292,79632292-2012-10-24,20,30,24/10/2012,HA1,2012,M,NA,0,0,0,0,0,5.882352941,1
79632292,79632292-2012-11-07,70,20,07/11/2012,HA1,2012,M,Adult,0,28.57142857,1,0,0,0,0
79632292,79632292-2012-11-08,60,10,08/11/2012,HA1,2012,NA,NA,0,2455.555556,1,0,0,0,0
79632292,79632292-2012-11-20,40,10,20/11/2012,HA1,2012,M,Adult,0,7200,1,0,0,2.272727273,1
79632292,79632292-2012-12-18,20,30,18/12/2012,HA1,2012,M,Adult,0,152.173913,1,0,0,165.2173913,1
79632292,79632292-2012-12-19,10,40,19/12/2012,HA1,2012,NA,NA,0,21.05263158,1,0,0,57.89473684,1
79632292,79632292-2012-12-20,10,10,20/12/2012,HA1,2012,NA,NA,0,0,0,0,0,11.42857143,1
79637279,79637279-2012-09-28,0,80,28/09/2012,HA1,2012,NA,NA,0,0,0,0,0,11.76470588,1
79638280,79638280-2012-09-28,40,50,28/09/2012,HA1,2012,NA,NA,0,0,0,0,0,0,0
79638784,79638784-2012-10-10,60,100,10/10/2012,HA1,2012,NA,NA,0,0,0,0,0,0,0
79638784,79638784-2012-10-11,60,100,11/10/2012,HA1,2012,NA,NA,0,0,0,0,0,0,0
79638784,79638784-2012-11-07,30,100,07/11/2012,HA1,2012,NA,NA,0,0,0,0,0,0,0
79638784,79638784-2012-11-08,30,100,08/11/2012,HA1,2012,NA,NA,0,0,0,0,0,0,0
79638784,79638784-2012-11-22,60,100,22/11/2012,HA1,2012,NA,NA,0,0,0,0,0,0,0
79638784,79638784-2012-12-05,30,80,05/12/2012,HA1,2012,NA,NA,0,0,0,0,0,0,0
79638837,79638837-2012-10-10,100,80,10/10/2012,HA1,2012,M,Adult,0,0,0,0,0,0,0
79638837,79638837-2012-10-24,80,100,24/10/2012,HA1,2012,M,Adult,0,0,0,0,0,0,0
79638837,79638837-2012-11-07,80,90,07/11/2012,HA1,2012,NA,NA,0,0,0,NA,NA,NA,NA
79639272,79639272-2012-10-24,10,80,24/10/2012,HA1,2012,NA,NA,0,0,0,0,0,0,0
79639272,79639272-2012-11-08,0,90,08/11/2012,HA1,2012,NA,NA,0,0,0,0,0,0,0
79639272,79639272-2012-11-22,10,90,22/11/2012,HA1,2012,NA,NA,0,0,0,0,0,0,0
79639272,79639272-2012-12-04,20,100,04/12/2012,HA1,2012,NA,NA,0,0,0,0,0,0,0
79639579,79639579-2012-08-15,90,100,15/08/2012,HA1,2012,NA,NA,0,0,0,0,0,0,0
79639579,79639579-2012-08-16,60,100,16/08/2012,HA1,2012,NA,NA,0,12.06896552,1,777.5862069,1,0,0
79768513,79768513-2012-08-29,40,90,29/08/2012,HA1,2012,M,Adult,0,0,0,NA,NA,NA,NA
79768513,79768513-2012-08-30,50,90,30/08/2012,HA1,2012,M,NA,0,0,0,0,0,0,0
79769830,79769830-2012-09-12,90,20,12/09/2012,HA1,2012,NA,NA,0,0,0,0,0,0,0
79770007,79770007-2012-09-27,100,20,27/09/2012,HA1,2012,NA,NA,0,0,0,0,0,0,0
79770535,79770535-2012-09-25,100,20,25/09/2012,HA1,2012,NA,NA,0,NA,NA,NA,NA,NA,NA
79770603,79770603-2012-09-12,30,100,12/09/2012,HA1,2012,NA,NA,0,11525,1,0,0,0,0
79770603,79770603-2012-09-25,30,100,25/09/2012,HA1,2012,NA,NA,0,6.451612903,1,0,0,0,0
79771081,79771081-2012-08-30,40,100,30/08/2012,HA1,2012,NA,NA,0,0,0,9.677419355,1,0,0
79772013,79772013-2012-08-16,10,70,16/08/2012,HA1,2012,NA,NA,1,0,0,848.7804878,1,0,0
79772013,79772013-2012-11-08,10,60,08/11/2012,HA1,2012,NA,NA,0,0,0,0,0,66.66666667,1
79772013,79772013-2012-12-06,10,60,06/12/2012,HA1,2012,NA,NA,0,4.615384615,1,8603.076923,1,30.76923077,1
79773579,79773579-2012-09-13,60,90,13/09/2012,HA1,2012,NA,NA,0,NA,NA,NA,NA,NA,NA
79774581,79774581-2012-09-12,20,50,12/09/2012,HA1,2012,NA,NA,1,885.7142857,1,0,0,0,0
79775849,79775849-2012-09-28,90,30,28/09/2012,HA1,2012,F,Adult,0,206.4516129,1,0,0,0,0
79775849,79775849-2012-10-11,100,40,11/10/2012,HA1,2012,NA,NA,0,0,0,0,0,0,0
79775849,79775849-2012-10-24,80,40,24/10/2012,HA1,2012,F,NA,0,0,0,0,0,0,0
79775849,79775849-2012-10-25,100,20,25/10/2012,HA1,2012,NA,NA,0,0,0,0,0,5.405405405,1
79775849,79775849-2012-11-07,90,30,07/11/2012,HA1,2012,NA,NA,0,0,0,0,0,0,0
79775849,79775849-2012-11-08,80,20,08/11/2012,HA1,2012,NA,NA,0,0,0,0,0,0,0
79775849,79775849-2012-11-21,90,20,21/11/2012,HA1,2012,NA,NA,0,0,0,0,0,20,1
79776324,79776324-2012-09-28,100,40,28/09/2012,HA1,2012,NA,NA,1,0,0,0,0,0,0
79776324,79776324-2012-10-11,90,60,11/10/2012,HA1,2012,NA,NA,1,0,0,11.5942029,1,0,0
79776324,79776324-2012-10-24,90,30,24/10/2012,HA1,2012,M,Adult,1,0,0,0,0,0,0
79776883,79776883-2012-11-08,80,80,08/11/2012,HA1,2012,NA,NA,0,0,0,13.04347826,1,4.347826087,1
79776883,79776883-2012-11-22,90,90,22/11/2012,HA1,2012,NA,NA,0,0,0,0,0,3.448275862,1
79776883,79776883-2012-12-19,100,90,19/12/2012,HA1,2012,NA,NA,0,0,0,0,0,18.18181818,1
79776883,79776883-2012-12-20,100,80,20/12/2012,HA1,2012,NA,NA,0,0,0,0,0,51.42857143,1
79778567,79778567-2012-10-25,30,0,25/10/2012,HA1,2012,NA,NA,0,0,0,0,0,0,0
79778567,79778567-2012-11-08,30,10,08/11/2012,HA1,2012,NA,NA,0,0,0,2105.263158,1,0,0
79778567,79778567-2012-12-04,20,0,04/12/2012,HA1,2012,NA,NA,0,0,0,0,0,250,1
79778836,79778836-2012-10-11,30,100,11/10/2012,HA1,2012,NA,NA,1,735,1,0,0,0,0
79779379,79779379-2012-08-16,80,10,16/08/2012,HA1,2012,M,Adult,0,0,0,0,0,0,0
79779379,79779379-2012-08-30,90,40,30/08/2012,HA1,2012,M,Adult,0,0,0,0,0,0,0
79779379,79779379-2012-09-27,80,0,27/09/2012,HA1,2012,NA,NA,0,NA,NA,NA,NA,NA,NA
79781605,79781605-2012-10-10,60,40,10/10/2012,HA1,2012,NA,NA,0,25,1,266.6666667,1,0,0
79782524,79782524-2012-11-08,80,70,08/11/2012,HA1,2012,NA,NA,0,NA,NA,NA,NA,NA,NA
79782524,79782524-2012-11-22,90,70,22/11/2012,HA1,2012,NA,NA,0,0,0,0,0,5,1
79782524,79782524-2012-11-22,80,100,22/11/2012,HA1,2012,NA,NA,0,0,0,0,0,23.07692308,1
79782524,79782524-2012-12-05,70,100,05/12/2012,HA1,2012,NA,NA,0,0,0,0,0,38.88888889,1
79783060,79783060-2012-08-16,30,30,16/08/2012,HA1,2012,NA,NA,1,0,0,0,0,0,0
79783060,79783060-2012-08-30,10,40,30/08/2012,HA1,2012,M,Adult,1,11.11111111,1,0,0,0,0
79783071,79783071-2012-10-11,0,40,11/10/2012,HA1,2012,NA,NA,0,0,0,0,0,0,0
79783879,79783879-2012-12-06,0,90,06/12/2012,HA1,2012,NA,NA,1,0,0,0,0,43.90243902,1
79785381,79785381-2012-10-25,70,20,25/10/2012,HA1,2012,NA,NA,1,0,0,0,0,0,0
79786120,79786120-2012-11-07,0,100,07/11/2012,HA1,2012,NA,NA,0,0,0,0,0,0,0
79786120,79786120-2012-12-06,30,30,06/12/2012,HA1,2012,NA,NA,0,0,0,0,0,0,0
79786569,79786569-2012-10-10,60,70,10/10/2012,HA1,2012,M,NA,0,0,0,493.3333333,1,0,0
79786569,79786569-2012-10-23,20,10,23/10/2012,HA1,2012,M,Adult,0,908.1081081,1,0,0,2.702702703,1
79786569,79786569-2012-11-21,50,40,21/11/2012,HA1,2012,M,NA,0,0,0,0,0,0,0
79786569,79786569-2012-11-22,70,70,22/11/2012,HA1,2012,M,NA,0,0,0,0,0,0,0
79786569,79786569-2012-12-05,50,60,05/12/2012,HA1,2012,M,NA,0,0,0,0,0,10.16949153,1
79786569,79786569-2012-12-06,70,50,06/12/2012,HA1,2012,M,NA,0,0,0,0,0,4.545454545,1
79787584,79787584-2012-12-06,50,30,06/12/2012,HA1,2012,NA,NA,0,0,0,0,0,0,0
79789358,79789358-2012-11-07,0,60,07/11/2012,HA1,2012,NA,NA,0,0,0,0,0,0,0
79789358,79789358-2012-11-08,0,30,08/11/2012,HA1,2012,NA,NA,0,0,0,0,0,8.333333333,1
79789358,79789358-2012-12-04,0,20,04/12/2012,HA1,2012,NA,NA,0,0,0,0,0,6.41025641,1
79790568,79790568-2012-10-10,80,100,10/10/2012,HA1,2012,NA,NA,0,0,0,0,0,0,0
79790568,79790568-2012-10-11,90,90,11/10/2012,HA1,2012,NA,NA,0,0,0,0,0,0,0
79790568,79790568-2012-10-24,80,80,24/10/2012,HA1,2012,M,Adult,0,0,0,0,0,0,0
79790568,79790568-2012-11-22,80,70,22/11/2012,HA1,2012,NA,NA,0,66.66666667,1,0,0,29.16666667,1
79790568,79790568-2012-12-05,100,90,05/12/2012,HA1,2012,NA,NA,0,0,0,NA,NA,NA,NA
79792086,79792086-2012-11-07,90,20,07/11/2012,HA1,2012,NA,NA,0,2928,1,0,0,0,0
79792086,79792086-2012-11-08,90,40,08/11/2012,HA1,2012,NA,NA,0,0,0,2453.333333,1,0,0
79792086,79792086-2012-11-22,100,10,22/11/2012,HA1,2012,NA,NA,0,0,0,0,0,1.492537313,1
79792086,79792086-2012-12-05,90,20,05/12/2012,HA1,2012,NA,NA,0,0,0,0,0,9.677419355,1
79792086,79792086-2012-12-19,100,10,19/12/2012,HA1,2012,NA,NA,0,0,0,0,0,28.57142857,1
79792581,79792581-2012-10-25,80,40,25/10/2012,HA1,2012,NA,NA,0,353.8461538,1,0,0,0,0
79793093,79793093-2012-10-10,90,20,10/10/2012,HA1,2012,NA,NA,1,0,0,0,0,0,0
79793093,79793093-2012-10-25,80,20,25/10/2012,HA1,2012,NA,NA,1,0,0,0,0,0,0
79793093,79793093-2012-12-20,90,10,20/12/2012,HA1,2012,NA,NA,0,71.875,1,0,0,0,0
79793298,79793298-2012-10-10,70,90,10/10/2012,HA1,2012,NA,NA,1,0,0,0,0,0,0
79795060,79795060-2012-10-10,70,30,10/10/2012,HA1,2012,NA,NA,0,0,0,0,0,0,0
79795060,79795060-2012-10-11,70,20,11/10/2012,HA1,2012,NA,NA,0,0,0,0,0,0,0
79795600,79795600-2012-09-11,100,40,11/09/2012,HA1,2012,M,Adult,0,0,0,0,0,0,0
79795857,79795857-2012-09-25,20,100,25/09/2012,HA1,2012,NA,NA,0,0,0,0,0,0,0
79796354,79796354-2012-08-29,40,30,29/08/2012,HA1,2012,M,Adult,0,0,0,0,0,0,0
79796354,79796354-2012-09-13,30,40,13/09/2012,HA1,2012,NA,NA,0,0,0,0,0,0,0
79796354,79796354-2012-09-27,100,30,27/09/2012,HA1,2012,M,Adult,0,0,0,0,0,10,1
79796354,79796354-2012-10-11,70,10,11/10/2012,HA1,2012,NA,NA,0,0,0,0,0,4.347826087,1
79797793,79797793-2012-10-09,10,20,09/10/2012,HA1,2012,F,Adult,0,0,0,0,0,0,0
79797793,79797793-2012-10-10,0,20,10/10/2012,HA1,2012,NA,NA,0,0,0,0,0,0,0
79797793,79797793-2012-10-11,20,30,11/10/2012,HA1,2012,NA,NA,0,NA,NA,NA,NA,NA,NA
79797793,79797793-2012-10-23,10,30,23/10/2012,HA1,2012,F,Adult,0,0,0,0,0,0,0
79797793,79797793-2012-10-24,10,20,24/10/2012,HA1,2012,NA,NA,0,0,0,0,0,0,0
79797793,79797793-2012-11-07,0,0,07/11/2012,HA1,2012,NA,NA,0,0,0,0,0,0,0
79797793,79797793-2012-11-08,10,10,08/11/2012,HA1,2012,NA,NA,0,0,0,0,0,0,0
79797793,79797793-2012-11-21,10,10,21/11/2012,HA1,2012,NA,NA,0,0,0,0,0,0,0
79797793,79797793-2012-11-22,10,20,22/11/2012,HA1,2012,NA,NA,0,0,0,0,0,11.76470588,1
79797793,79797793-2012-12-04,10,10,04/12/2012,HA1,2012,F,Adult,0,0,0,0,0,0,0
84587833,84587833-2012-08-29,90,60,29/08/2012,HA1,2012,F,Adult,0,0,0,31.25,1,0,0
84593844,84593844-2012-10-10,0,10,10/10/2012,HA1,2012,NA,NA,0,0,0,0,0,0,0
84593844,84593844-2012-10-11,10,10,11/10/2012,HA1,2012,NA,NA,0,0,0,NA,NA,NA,NA
84593844,84593844-2012-10-25,10,0,25/10/2012,HA1,2012,NA,NA,0,0,0,0,0,0,0
NA,NA-2012-06-19,50,30,19/06/2012,HA1,2012,M,NotAdult,0,0,0,0,0,0,0
NA,NA-2012-08-16,50,100,16/08/2012,HA1,2012,NA,NA,0,NA,NA,NA,NA,NA,NA
NA,NA-2012-08-28,100,10,28/08/2012,HA1,2012,NA,NA,0,NA,NA,NA,NA,NA,NA
NA,NA-2012-08-28,40,100,28/08/2012,HA1,2012,NA,NA,0,NA,NA,NA,NA,NA,NA
NA,NA-2012-08-29,0,0,29/08/2012,HA1,2012,NA,NA,0,NA,NA,NA,NA,NA,NA
NA,NA-2012-09-11,0,80,11/09/2012,HA1,2012,F,NA,0,NA,NA,NA,NA,NA,NA
NA,NA-2012-09-11,100,80,11/09/2012,HA1,2012,NA,NA,0,NA,NA,NA,NA,NA,NA
NA,NA-2012-09-13,90,10,13/09/2012,HA1,2012,NA,NA,0,NA,NA,NA,NA,NA,NA
NA,NA-2012-09-25,100,0,25/09/2012,HA1,2012,NA,NA,0,NA,NA,NA,NA,NA,NA
NA,NA-2012-09-25,40,40,25/09/2012,HA1,2012,NA,NA,0,NA,NA,NA,NA,NA,NA
NA,NA-2012-09-25,0,80,25/09/2012,HA1,2012,NA,NotAdult,0,NA,NA,NA,NA,NA,NA
NA,NA-2012-09-25,90,90,25/09/2012,HA1,2012,NA,NA,0,NA,NA,NA,NA,NA,NA
NA,NA-2012-09-25,90,100,25/09/2012,HA1,2012,NA,NA,0,NA,NA,NA,NA,NA,NA
NA,NA-2012-09-25,100,30,25/09/2012,HA1,2012,NA,NA,0,NA,NA,NA,NA,NA,NA
NA,NA-2012-09-25,10,50,25/09/2012,HA1,2012,NA,NA,0,NA,NA,NA,NA,NA,NA
NA,NA-2012-09-27,100,80,27/09/2012,HA1,2012,NA,NA,0,NA,NA,NA,NA,NA,NA
NA,NA-2012-09-27,10,100,27/09/2012,HA1,2012,NA,NA,0,NA,NA,NA,NA,NA,NA
NA,NA-2012-09-28,80,90,28/09/2012,HA1,2012,NA,NA,0,NA,NA,NA,NA,NA,NA
NA,NA-2012-10-09,30,40,09/10/2012,HA1,2012,M,Adult,0,NA,NA,NA,NA,NA,NA
NA,NA-2012-10-10,30,50,10/10/2012,HA1,2012,NA,NA,0,NA,NA,NA,NA,NA,NA
NA,NA-2012-10-23,10,40,23/10/2012,HA1,2012,M,Adult,0,NA,NA,NA,NA,NA,NA
NA,NA-2012-10-23,0,70,23/10/2012,HA1,2012,NA,NA,0,0,0,0,0,0,0
NA,NA-2012-10-23,50,10,23/10/2012,HA1,2012,NA,NA,0,0,0,0,0,0,0
NA,NA-2012-11-06,90,90,06/11/2012,HA1,2012,NA,NA,0,NA,NA,NA,NA,NA,NA
NA,NA-2012-11-06,10,80,06/11/2012,HA1,2012,NA,NA,0,NA,NA,NA,NA,NA,NA
NA,NA-2012-11-21,50,20,21/11/2012,HA1,2012,NA,NA,0,NA,NA,NA,NA,NA,NA
NA,NA-2012-12-05,80,0,05/12/2012,HA1,2012,NA,NA,0,NA,NA,NA,NA,NA,NA
NA,NA-2012-12-05,30,20,05/12/2012,HA1,2012,NA,NA,0,NA,NA,NA,NA,NA,NA
NA,NA-2012-12-05,30,90,05/12/2012,HA1,2012,NA,NA,0,0,0,0,0,161.5384615,1
NA,NA-2012-12-18,40,80,18/12/2012,HA1,2012,NA,Adult,0,NA,NA,NA,NA,NA,NA
NA,NA-2012-12-18,0,30,18/12/2012,HA1,2012,NA,Adult,0,0,0,0,0,0,0
NA,NA-2012-12-20,90,20,20/12/2012,HA1,2012,NA,NA,0,NA,NA,NA,NA,NA,NA
